review_id,texto,recomendado,horas_jogadas,votos_uteis,data_criacao,texto_limpo,sentimento
227565425,"MELHOR JOGO DO MUNDO
",True,83.4,0,1781013669,melhor mundo,positivo
227564052,"A pior coisa que ja me aconteceu nesse jogo nem foi jogar com os hackers mais quando eu entro no comp e tem só gente falando espanhol na minha opnião isso é quase um preconceito dentro do sistema da valve ,nos brasileiros falamos portugues e não espanhol e os ♥♥♥♥♥♥♥ são mal educados e ficam jorrando precoceito nos chamando de macacos e tals ,ai me pergunto e se tu ta ai na RUSSIA e do nada cai toda vez com os japoneses falando japones????? entendeu a porra do problema?vcs acham que somos iguais ,mais somos diferentes como culturas e LINGUAS DISTINTAS ,sempre amei cs mais me recuso a jogar com BOLUDO .",False,174.86666666666667,0,1781012333,pior coisa aconteceu nesse nem foi jogar hackers quando entro comp tem gente falando espanhol minha opnião isso quase preconceito dentro sistema valve brasileiros falamos portugues não espanhol são mal educados ficam jorrando precoceito chamando macacos tals pergunto russia nada cai toda vez japoneses falando japones entendeu porra problema vcs acham somos iguais somos diferentes como culturas linguas distintas sempre amei recuso jogar boludo,negativo
227561610,tirando o fato q eu sou ruim pra caralho eu recomendo o jogo,True,21.0,0,1781009861,tirando fato sou ruim pra caralho recomendo,positivo
227558416,incrível!,True,788.1166666666667,0,1781006557,incrível,positivo
227557600,Bom viu!,True,117.8,0,1781005688,bom viu,positivo
227557291,the king off csgo,True,23.816666666666666,0,1781005296,the king off csgo,positivo
227553617,bom jogo sem mto hacker,True,10.466666666666667,0,1781001025,bom sem mto hacker,positivo
227551756,"Premier so tem xiter so  ""vale"" a pena gc e faceit ac da valve e um lixo",False,135.48333333333332,0,1780999042,premier tem xiter vale pena faceit valve lixo,negativo
227541696,Não compensa,True,273.46666666666664,1,1780985248,não compensa,positivo
227540324,se nao fosse o tando de hack kk era top,True,89.98333333333333,0,1780982908,nao fosse tando hack era top,positivo
227536607,"Sou ruim no jogo, automaticamente o jogo é ruim.",True,351.3333333333333,0,1780976878,sou ruim automaticamente ruim,positivo
227535672,unica coisa que ta ruim é os xiter no jogo,True,117.16666666666667,0,1780975515,unica coisa ruim xiter,positivo
227533427,"recomendo, só q tem muito cheater, mas e legal",True,697.1833333333333,0,1780972151,recomendo tem cheater mas legal,positivo
227532542,"CS2 Top, sem igual.",True,1318.0166666666667,0,1780970918,top sem igual,positivo
227531643,"Jogo extremamente viciante e legal, recomendo muito.",True,31.633333333333333,0,1780969616,extremamente viciante legal recomendo,positivo
227531194,muito bom com modo competitivo levado a serio e com uma comuninade gigante deste de 2012,True,23.933333333333334,0,1780969017,bom modo competitivo levado serio comuninade gigante deste 2012,positivo
227528792,Bom o game e legal mais muito desbalanceado,False,6.116666666666666,0,1780965677,bom legal desbalanceado,negativo
227527885,bang bang booom bomb has been planted terrorists win,True,1033.1333333333334,0,1780964544,bang bang booom bomb has been planted terrorists win,positivo
227527810,"JOGO SUPER CHEIO DE RACKERS ,POREM MUITO BOM",True,73.26666666666667,0,1780964440,super cheio rackers porem bom,positivo
227526015,"não compensa gastar dinheiro comprando o prime nesse lixo de jogo porque tem hack com e sem prime toda partida de 3 a 9 xiters na partida nao da vontade nenhuma de jogar se torna broxante e dps o povo se pergunta pq esse jogo tem menos player q o jogo de magia do valorant, antxit desse jogo e inexistente, se você for jogar use hack se nao, nao vai conseguir jogar e vai desinstalar o game igual eu fiz",False,87.35,0,1780962041,não compensa gastar dinheiro comprando prime nesse lixo porque tem hack sem prime toda partida xiters partida nao vontade nenhuma jogar torna broxante dps povo pergunta esse tem menos player magia valorant antxit desse inexistente você for jogar use hack nao nao vai conseguir jogar vai desinstalar igual fiz,negativo
227525926,tem tiro e bomba,True,956.0166666666667,0,1780961924,tem tiro bomba,positivo
227525865,maneiro,True,44.8,0,1780961831,maneiro,positivo
227525531,Brutal esquizofrenia,True,146.96666666666667,0,1780961420,brutal esquizofrenia,positivo
227525176,"mt o jgo
comunidade parcilamente legal!",True,5.833333333333333,0,1780960972,jgo comunidade parcilamente legal,positivo
227524655,hoguei pouco mais adora cs pena que tem hack demai9sssssss,True,15.866666666666667,0,1780960305,hoguei pouco adora pena tem hack demai9sssssss,positivo
227524296,Bom jogo pra passar o tempo,True,86.36666666666666,1,1780959842,bom pra passar tempo,positivo
227521645,"bem daora
",True,14.9,0,1780956808,bem daora,positivo
227521433,"o melhor jogo!!!
",True,474.3333333333333,1,1780956585,melhor,positivo
227521074,"Jogasso,  mas tem muito argentino",True,462.95,0,1780956207,jogasso mas tem argentino,positivo
227520878,tirando o cheaters e os trolls o jogo ainda e muito bom,True,246.25,0,1780956008,tirando cheaters trolls ainda bom,positivo
227520756,"Jogo esta bem melhor com a quantidade de xites que esta tendo, obrigado valve <3",False,837.35,0,1780955877,esta bem melhor quantidade xites esta tendo obrigado valve,negativo
227520394,"eu acho muitos hackers mas e um jogo muito bom,com uma comunidade incrivel, pro players incriveis, jogo demais",True,62.0,0,1780955498,acho hackers mas bom comunidade incrivel pro players incriveis demais,positivo
227519855,"se vc errar um tiro, chamam 5 gerações da sua familia de babuino.",False,8.866666666666667,1,1780954955,errar tiro chamam gerações sua familia babuino,negativo
227519684,jogo baozao d+ uai,True,382.85,0,1780954743,baozao uai,positivo
227519267,jogo desgraçado,False,149.25,0,1780954296,desgraçado,negativo
227518007,"depois de muitas atualizações, finalmente parece Cs",True,209.25,0,1780953016,depois atualizações finalmente parece,positivo
227516308,"Essa bosta ta cheio de hack, e a valve não ta nem ai.",False,250.88333333333333,0,1780951536,essa bosta cheio hack valve não nem,negativo
227514577,"Cs sempre sendo cs, bom game, unica coisa ruim é a Valve não acabar com os trapaceiros ... enfim.",True,2568.6,0,1780949925,sempre sendo bom unica coisa ruim valve não acabar trapaceiros enfim,positivo
227513179,"ou, vou mandar o papo reto, jogo bom pra caralho vc vai viciar com certeza, então... Se prepara!",True,146.9,0,1780948677,vou mandar papo reto bom pra caralho vai viciar certeza então prepara,positivo
227512910,"BOM DEMAIS
",True,35.516666666666666,0,1780948430,bom demais,positivo
227512899,"Counter-Strike 2 tem uma jogabilidade excelente, mecânicas refinadas e um enorme potencial competitivo. Porém, a experiência acaba sendo prejudicada pela presença frequente de cheaters, especialmente nas partidas ranqueadas. Com um sistema anti-cheat mais eficiente, o jogo seria muito mais justo, divertido e agradável para a comunidade.",True,1081.5833333333333,0,1780948415,tem jogabilidade excelente mecânicas refinadas enorme potencial competitivo porém experiência acaba sendo prejudicada pela presença frequente cheaters especialmente partidas ranqueadas sistema anti cheat eficiente seria justo divertido agradável comunidade,positivo
227512120,bom para fazer o caba ficar babando de raiva,True,20.233333333333334,0,1780947761,bom fazer caba ficar babando raiva,positivo
227511224,muito bom pra passar raiva e se divertir,True,15.266666666666667,0,1780947017,bom pra passar raiva divertir,positivo
227509537,"Jogo muito bom recomendo, comecei a jogar ano passado e não parei até hoje, da para fazer varios amigos lá e formar um time muito bom mas também tem uns cara chatão q incomoda e são racista etc.",True,74.28333333333333,0,1780945730,bom recomendo comecei jogar ano passado não parei até hoje fazer varios amigos formar time bom mas também tem uns cara chatão incomoda são racista etc,positivo
227503482,É um vicio bom,False,148.0,0,1780940585,vicio bom,negativo
227501247,bom pra se estressar com argentino,True,1002.9833333333333,0,1780938667,bom pra estressar argentino,positivo
227500010,hack demais,False,101.96666666666667,0,1780937618,hack demais,negativo
227498086,"jogo muito legal, porem tem xiters demais",True,2.066666666666667,0,1780936017,legal porem tem xiters demais,positivo
227496034,Melhor jogo,True,201.15,0,1780934109,melhor,positivo
227495455,Simplesmente melhor FPS tatico já criado,True,92.63333333333334,0,1780933612,simplesmente melhor fps tatico criado,positivo
227492499,Bãozin até,True,591.6,0,1780930990,bãozin até,positivo
227489817,Eu jogo e ganho dinheiro. Stonks.,True,701.2666666666667,0,1780928605,ganho dinheiro stonks,positivo
227488405,"Jogo top, uma pena ter tantos xiters!",True,27.366666666666667,1,1780927268,top pena ter tantos xiters,positivo
227487052,jogo desgraçaco,True,114.5,1,1780925904,desgraçaco,positivo
227486018,rferft,True,71.88333333333334,0,1780924828,rferft,positivo
227484274,Melhor jogo de fps!,True,260.21666666666664,1,1780922908,melhor fps,positivo
227482719,"Cheio de hack no jogo, direto nego xitando, quando a valve vai banir esses petistas? o CS precisa ser limpado assim como o Brasil!",False,7.466666666666667,0,1780921185,cheio hack direto nego xitando quando valve vai banir esses petistas precisa ser limpado assim como brasil,negativo
227481344,o melhor ate hj,True,8.783333333333333,0,1780919881,melhor ate,positivo
227477136,"sla, spray estranho",True,15.933333333333334,0,1780914199,sla spray estranho,positivo
227474633,morte a todos os argentinos,True,961.5166666666667,3,1780910466,morte todos argentinos,positivo
227466949,"vai passar raiva, nao instale, mas eu recomendo",True,5.066666666666666,0,1780898394,vai passar raiva nao instale mas recomendo,positivo
227465836,barriu dobrado,True,12.533333333333333,0,1780896449,barriu dobrado,positivo
227464985,"Entediante, sem mecânicas, física ruim e totalmente sem graça.
Recomendo Valorant, skins mais bonitas, skills mais equilibradas e jogo mais divertido.",False,139.45,0,1780895174,entediante sem mecânicas física ruim totalmente sem graça recomendo valorant skins bonitas skills equilibradas divertido,negativo
227464933,EXCELENTE,True,1353.55,1,1780895086,excelente,positivo
227461318,"❝𝑪𝒐𝒖𝒏𝒕𝒆𝒓-𝑺𝒕𝒓𝒊𝒌𝒆 𝟚❞
──────────────
𝕹𝒐 𝒍𝒐 𝒓𝒆𝒄𝒐𝒎𝒊𝒆𝒏𝒅𝒐, 𝒎𝒆 𝒑𝒂𝒓𝒆𝒄𝒊𝒐́ 𝒖𝒍𝒕𝒓𝒂 𝒔𝒐𝒃𝒓𝒆𝒗𝒂𝒍𝒐𝒓𝒂𝒅𝒐, 𝒄𝒐𝒏 𝒎𝒆𝒄𝒂́𝒏𝒊𝒄𝒂𝒔 𝒐𝒙𝒊𝒅𝒂𝒅𝒂𝒔 𝒚 𝒖𝒏 𝒓𝒆𝒂𝒍𝒊𝒔𝒎𝒐 𝒆𝒏𝒇𝒐𝒄𝒂𝒅𝒐 𝒆𝒏 𝒈𝒓𝒂́𝒇𝒊𝒄𝒐𝒔 𝒑𝒆𝒓𝒐 𝒏𝒐 𝒆𝒏 𝒋𝒖𝒈𝒂𝒃𝒊𝒍𝒊𝒅𝒂𝒅, 𝒅𝒐𝒏𝒅𝒆 𝒂𝒑𝒖𝒏𝒕𝒂𝒓 𝒆𝒔 𝒆𝒔𝒄𝒂𝒔𝒐, 𝒂𝒈𝒂𝒄𝒉𝒂𝒓𝒔𝒆 𝒆𝒏 𝒆𝒍 𝒋𝒖𝒆𝒈𝒐 𝒆𝒔 𝒊𝒈𝒖𝒂𝒍 𝒂 𝒊𝒏𝒄𝒍𝒊𝒏𝒂𝒓𝒔𝒆 𝒑𝒐𝒓𝒒𝒖𝒆 𝒂𝒖𝒏 𝒂𝒔𝒊́ 𝒕𝒆 𝒎𝒂𝒕𝒂𝒏 𝒚 𝒏𝒐 𝒔𝒆 𝒄𝒖𝒃𝒓𝒆 𝒃𝒊𝒆𝒏, 𝒅𝒐𝒏𝒅𝒆 𝒔𝒊 𝒄𝒂𝒎𝒊𝒏𝒂𝒔 𝒆𝒓𝒓𝒂𝒔 𝒅𝒊𝒔𝒑𝒂𝒓𝒐𝒔, 𝒚 𝒒𝒖𝒆 𝒆𝒏 𝒔𝒊́ 𝒆𝒔 𝒎𝒂𝒍𝒊́𝒔𝒊𝒎𝒐. 
𝑸𝒖𝒊𝒛𝒂́𝒔 𝒏𝒐 𝒆𝒔 𝒎𝒊 𝒕𝒊𝒑𝒐 𝒅𝒆 𝒋𝒖𝒆𝒈𝒐.
══════╗
𝐍𝐎𝐓𝐀: ℂ",False,0.9833333333333333,0,1780889752,𝑪𝒐𝒖𝒏𝒕𝒆𝒓 𝑺𝒕𝒓𝒊𝒌𝒆 𝒓𝒆𝒄𝒐𝒎𝒊𝒆𝒏𝒅𝒐 𝒑𝒂𝒓𝒆𝒄𝒊𝒐 𝒖𝒍𝒕𝒓𝒂 𝒔𝒐𝒃𝒓𝒆𝒗𝒂𝒍𝒐𝒓𝒂𝒅𝒐 𝒄𝒐𝒏 𝒎𝒆𝒄𝒂 𝒏𝒊𝒄𝒂𝒔 𝒐𝒙𝒊𝒅𝒂𝒅𝒂𝒔 𝒓𝒆𝒂𝒍𝒊𝒔𝒎𝒐 𝒆𝒏𝒇𝒐𝒄𝒂𝒅𝒐 𝒈𝒓𝒂 𝒇𝒊𝒄𝒐𝒔 𝒑𝒆𝒓𝒐 𝒋𝒖𝒈𝒂𝒃𝒊𝒍𝒊𝒅𝒂𝒅 𝒅𝒐𝒏𝒅𝒆 𝒂𝒑𝒖𝒏𝒕𝒂𝒓 𝒆𝒔𝒄𝒂𝒔𝒐 𝒂𝒈𝒂𝒄𝒉𝒂𝒓𝒔𝒆 𝒋𝒖𝒆𝒈𝒐 𝒊𝒈𝒖𝒂𝒍 𝒊𝒏𝒄𝒍𝒊𝒏𝒂𝒓𝒔𝒆 𝒑𝒐𝒓𝒒𝒖𝒆 𝒂𝒖𝒏 𝒂𝒔𝒊 𝒎𝒂𝒕𝒂𝒏 𝒄𝒖𝒃𝒓𝒆 𝒃𝒊𝒆𝒏 𝒅𝒐𝒏𝒅𝒆 𝒄𝒂𝒎𝒊𝒏𝒂𝒔 𝒆𝒓𝒓𝒂𝒔 𝒅𝒊𝒔𝒑𝒂𝒓𝒐𝒔 𝒒𝒖𝒆 𝒎𝒂𝒍𝒊 𝒔𝒊𝒎𝒐 𝑸𝒖𝒊𝒛𝒂 𝒕𝒊𝒑𝒐 𝒋𝒖𝒆𝒈𝒐 𝐍𝐎𝐓𝐀,negativo
227461200,"Fantastico, só é triste ver tanto cheat.",True,110.2,0,1780889574,fantastico triste ver tanto cheat,positivo
227460143,preciso jogar mais tempo pra criar uma opinião sólida,True,1050.6666666666667,0,1780888080,preciso jogar tempo pra criar opinião sólida,positivo
227459659,"JOGO MAIS DE 10 ANOS ESSA MERDA E NAO TEM UM ANTI XIT BOM 
",False,2351.9,0,1780887432,anos essa merda nao tem anti xit bom,negativo
227459594,Lemon squeezy,True,507.2,0,1780887346,lemon squeezy,positivo
227459368,bglh dd moss agt,True,206.63333333333333,0,1780887036,bglh moss agt,positivo
227458980,"Horrível, não perca seu tempo nesse jogo",False,1035.1333333333334,0,1780886551,horrível não perca seu tempo nesse,negativo
227457568,"melhor fps da história da humanidade, apenas melhorem o VAC, tem cheater de todo jeito.",True,342.1666666666667,0,1780884707,melhor fps história humanidade apenas melhorem vac tem cheater todo jeito,positivo
227456021,"O melhor FPS, quem discorda é 💅 🏳️‍🌈  

",True,99.88333333333334,1,1780882617,melhor fps quem discorda,positivo
227455135,minha vó caiu da escada enquanto eu jogava. não recomendo.,False,9.166666666666666,0,1780881438,minha caiu escada enquanto jogava não recomendo,negativo
227455132,"tirando leves problemas após atualizações semanais, o jogo é ótimo e muito convidativo a iniciantes.",True,650.7166666666667,0,1780881434,tirando leves problemas após atualizações semanais ótimo convidativo iniciantes,positivo
227454946,muito massa para passar raiva e resenha dms,True,105.15,0,1780881181,massa passar raiva resenha dms,positivo
227454086,"Melhor FPS/Jogo da história! (tirando os cheaters, os bugs, jogadores toxicos, desbalanceamento entre jogadores, trolls, misogenia, itens cosméticos bizarramente inflacionados, poucas atualizações, falta de novos modos de jogos, mais cheaters.......) Fora isso, show de bola!",True,6.566666666666666,0,1780880093,melhor fps história tirando cheaters bugs jogadores toxicos desbalanceamento entre jogadores trolls misogenia itens cosméticos bizarramente inflacionados poucas atualizações falta novos modos jogos cheaters fora isso show bola,positivo
227453736,"um otimo jogo porem viciante
",True,103.16666666666667,0,1780879624,otimo porem viciante,positivo
227453718,tem muito argentino e xitado,False,302.01666666666665,0,1780879595,tem argentino xitado,negativo
227453277,"Muito cara xitado, perdeu muito valor...",False,268.8333333333333,0,1780878984,cara xitado perdeu valor,negativo
227453028,joguei um pouco e não gostei muito.,True,1312.1,0,1780878681,joguei pouco não gostei,positivo
227452823,"mtt bom e legal slc
",True,10.583333333333334,0,1780878402,mtt bom legal slc,positivo
227452775,amazing game,True,64.86666666666666,0,1780878329,amazing,positivo
227452703,destruiu minha sanidade mental,True,278.43333333333334,0,1780878230,destruiu minha sanidade mental,positivo
227452684,"Jogo maldito, quando lucífer caiu do céu ele como último pedido, criou essa merda",False,215.56666666666666,0,1780878214,maldito quando lucífer caiu céu ele como último pedido criou essa merda,negativo
227452390,"um dos  melhorres jogos que ja  joguei
",True,1014.0333333333333,0,1780877868,melhorres jogos joguei,positivo
227451926,"melhor que valorante
",True,22.15,0,1780877196,melhor valorante,positivo
227451910,"o jogo é legal de se jogar, divertido e ativa o instinto de competição. muito massa PORÉM! PRecisam melhorar a VAC para lidar com os Hakers",True,795.8333333333334,0,1780877182,legal jogar divertido ativa instinto competição massa porém precisam melhorar vac lidar hakers,positivo
227451590,bom e pouco nao da,True,151.9,0,1780876776,bom pouco nao,positivo
227451286,"Legal até.
Xit para todo lado sem levar ban... e players honestos sendo banidos...",True,247.33333333333334,0,1780876402,legal até xit todo lado sem levar ban players honestos sendo banidos,positivo
227451088,GOSTO DE TUDO  N GOSTO DE XIT,True,378.3,0,1780876161,gosto tudo gosto xit,positivo
227450965,Jogo nostalgia e atual,True,1504.05,0,1780876002,nostalgia atual,positivo
227449873,tenho algumas horas de boa na play,True,815.4833333333333,0,1780874666,tenho algumas horas boa play,positivo
227449594,"Jogo fantástico, unico problema é a quantidade de xiters na comunidade atualmente que deixa a experiencia desmotivadora.",True,381.3666666666667,1,1780874292,fantástico unico problema quantidade xiters comunidade atualmente deixa experiencia desmotivadora,positivo
227449379,INTERESSANTE!,True,287.03333333333336,1,1780874032,interessante,positivo
227448786,"Perdi mais de 2 mil reais nesse jogo por conta das skins, minha namorada terminou comigo, repeti de ano pois virava a noite jogando e ainda dei um soco na m3rd4 do meu monitor 100hz por perder uma partida na gamersclub e ainda cai do meu nível.
jogo muito bom e recomendo demais.",True,816.2,0,1780873425,perdi mil reais nesse conta skins minha namorada terminou comigo repeti ano pois virava noite jogando ainda dei soco m3rd4 meu monitor 100hz perder partida gamersclub ainda cai meu nível bom recomendo demais,positivo
227448538,só chetado nesse jogo ruim,False,36.96666666666667,0,1780873118,chetado nesse ruim,negativo
227447628,"Muito bom, só tem muito hack",True,7.633333333333334,0,1780872063,bom tem hack,positivo
227446885,sistema mais nazista de lobby que já vi em um jogo,False,297.0833333333333,1,1780871284,sistema nazista lobby,negativo
227446824,ewrtewyerewt,True,10.566666666666666,0,1780871229,ewrtewyerewt,positivo
227446492,"[h1]O melhor pior jogo da minha vida[/h1]

[b]PRÓS:[/b]
[*] Aprendi três novos idiomas apenas ouvindo o chat de voz.
[*] A sensação de acertar um HS de Desert Eagle ainda é inexplicável.
[*] Roda liso até em uma torradeira gamer.

[b]CONTRAS:[/b]
[*] Minha saúde mental foi embora no primeiro clutch que perdi.
[*] O chat da partida parece um hospício em dia de visita.
[*] Meus amigos dizem que sou ruim, e o pior é que eles estão certos.

[hr][/hr]

[b]GRÁFICOS:[/b] ▮▮▮▮▯ (Simples, focado em desempenho)
[b]JOGABILIDADE:[/b] ▮▮▮▮▮ (Precisa e viciante)
[b]COMUNIDADE:[/b] ▮Formatos de rádio antigos são mais amigáveis
[b]DIVERSÃO:[/b] ▮▮▮▮▯ (Garante boas risadas e muita raiva)

[hr][/hr]
[i]Joguei 5 minutos, odiei. Já tenho mais de 1.000 horas e continuo jogando todo dia. Vale a pena se você jogar com amigos![/i]
",True,20.216666666666665,0,1780870903,melhor pior minha vida prós aprendi três novos idiomas apenas ouvindo chat voz sensação acertar desert eagle ainda inexplicável roda liso até torradeira gamer contras minha saúde mental foi embora primeiro clutch perdi chat partida parece hospício dia visita meus amigos dizem sou ruim pior eles estão certos gráficos simples focado desempenho jogabilidade precisa viciante comunidade formatos rádio antigos são amigáveis diversão garante boas risadas raiva joguei minutos odiei tenho 000 horas continuo jogando todo dia vale pena você jogar amigos,positivo
227444957,"jogo muito bom, oq quebra um pouco o jogo sao os hakers e essas pessoas que ficam xingando, mas de resto o jogo e otimo.
",True,18.25,0,1780869316,bom quebra pouco sao hakers essas pessoas ficam xingando mas resto otimo,positivo
227444934,Eu detesto esse jogo,False,96.16666666666667,0,1780869285,detesto esse,negativo
227444683,"Jogo recheado de bugs, mas, a cereja do bolo (que é bem maior que o bolo) é a falta de qualidade para lidar com trapaceiros, quase todos as partidas tem pelo menos um.",False,874.7833333333333,1,1780869049,recheado bugs mas cereja bolo bem maior bolo falta qualidade lidar trapaceiros quase todos partidas tem pelo menos,negativo
227444117,Desenvolvedores do game só querem saber de dinheiro. Tem player matando 65 pessoas e morrendo 0 na partida e o jogo não consegue identificar que é hacker. Ridiculo!,False,2847.133333333333,0,1780868457,desenvolvedores querem saber dinheiro tem player matando pessoas morrendo partida não consegue identificar hacker ridiculo,negativo
227443995,"Joguin bão, as vezes me mandam lavar a louça, mas é bão",True,1482.8166666666666,0,1780868345,joguin bão vezes mandam lavar louça mas bão,positivo
227443949,"Gameplay não é envolvente.
",False,6664.833333333333,0,1780868300,gameplay não envolvente,negativo
227442973,"Jogo bom mais na descrição não vem me avisando que esse jogo é o capeta em pessoa, pois o estresse é algo relevante nele :D",True,4.533333333333333,0,1780867421,bom descrição não vem avisando esse capeta pessoa pois estresse algo relevante nele,positivo
227442635,irirta pra k7 jogadores toxicos mas quando acerta aquele hs de deagle ou no scope quase das um orgasmo,True,29.366666666666667,0,1780867083,irirta pra jogadores toxicos mas quando acerta aquele deagle scope quase orgasmo,positivo
227442607,mt bom mais muito irritante,True,8.65,0,1780867061,bom irritante,positivo
227441320,"sexo aqui e bom
",True,24.1,0,1780865920,sexo aqui bom,positivo
227440851,"excelente
",True,111.45,0,1780865478,excelente,positivo
227440508,Mt Bom pra se estresssarrrrrrrrrrrrrrrrrrrrr,True,81.06666666666666,0,1780865184,bom pra estresssarrrrrrrrrrrrrrrrrrrrr,positivo
227440377,o melhor de todos,True,119.86666666666666,0,1780865066,melhor todos,positivo
227438791,"Jogo muito bom,abro a mira,tomo hs,tem xitado,fico puto pq cara me xinga,mas o jogo é ótimo",True,68.43333333333334,0,1780863731,bom abro mira tomo tem xitado fico puto cara xinga mas ótimo,positivo
227436889,Muito bom só não gostei da parte deles não falarem que precisava de mouse reserva,True,54.916666666666664,0,1780862142,bom não gostei parte deles não falarem precisava mouse reserva,positivo
227436233,muito cheater,False,1408.3,0,1780861588,cheater,negativo
227435907,"Jogo está quebrado, jogabilidade bugada e as partidas cheias de HACK",False,101.53333333333333,0,1780861339,está quebrado jogabilidade bugada partidas cheias hack,negativo
227435555,QUASE TODA PARTIDA TEM CHEATER,False,474.01666666666665,0,1780861029,quase toda partida tem cheater,negativo
227435123,Otimo jogo para passar raiva,True,5810.3,1,1780860649,otimo passar raiva,positivo
227434486,ghjkdty,True,1070.7833333333333,1,1780860180,ghjkdty,positivo
227434069,não gostei,True,9.666666666666666,0,1780859856,não gostei,positivo
227434016,Um dia eu aprendo a jogar isso direito. 10/10,True,12541.366666666667,0,1780859817,dia aprendo jogar isso direito,positivo
227433042,TIRANDO OS HACKERS JOGO E BOM,True,125.86666666666666,0,1780859098,tirando hackers bom,positivo
227432442,Joguei muito o CS 1.6 esse e um dos melhores FPS para se jogar haha,True,1733.4833333333333,0,1780858614,joguei esse melhores fps jogar haha,positivo
227432174,odeio esse jogo ele é uma desgraça essa merda roda a 50 fps no meu notebook nao recomendo de jeito nenhum mas jogue de qualquer jeito,True,108.18333333333334,0,1780858423,odeio esse ele desgraça essa merda roda fps meu notebook nao recomendo jeito nenhum mas jogue qualquer jeito,positivo
227431692,"chei de hack mas e top
",True,373.68333333333334,0,1780858106,chei hack mas top,positivo
227431337,"Tirando a toxidade da call e os xiters, o jogo é massa!!!",True,512.8,0,1780857854,tirando toxidade call xiters massa,positivo
227430983,"Jogo lotado de cheater, não tem como jogar de forma alguma e ninguém faz nada contra esse tipo de gente, é revoltante ver um jogo que marcou gerações estar assim.",False,86.38333333333334,0,1780857609,lotado cheater não tem como jogar forma alguma ninguém faz nada contra esse tipo gente revoltante ver marcou gerações estar assim,negativo
227429826,se nao quer passar raiva nem joga,True,21.9,0,1780857243,nao quer passar raiva nem joga,positivo
227428496,"Jogo Horrível, quase mil horas de jogo e eu ainda continuo Ruim
Não recomendo",False,989.5,0,1780856505,horrível quase mil horas ainda continuo ruim não recomendo,negativo
227428122,muito foda tomar headshot e tiltar,True,44.53333333333333,0,1780856210,foda tomar headshot tiltar,positivo
227426738,JOGO DE HOMI DE VERDADE.,True,88.25,0,1780855214,homi verdade,positivo
227424750,melhor jogo de todos os tempos,True,59.35,1,1780853644,melhor todos tempos,positivo
227423743,só tem hack nessa porra desse jogo,False,357.53333333333336,0,1780852812,tem hack nessa porra desse,negativo
227423395,Jogo quebrado,True,621.0333333333333,1,1780852522,quebrado,positivo
227422893,"Bão dimaize!
",True,1876.25,0,1780852129,bão dimaize,positivo
227421942,Só é ruim os hacks que tem em quase toda partida,True,276.75,0,1780851375,ruim hacks tem quase toda partida,positivo
227421614,muito bom para se estressar,True,24.1,0,1780851119,bom estressar,positivo
227421393,jg muito top recomendo muit,True,4.75,0,1780850949,top recomendo muit,positivo
227420763,gostei,True,36.3,0,1780850498,gostei,positivo
227420001,"maldito jogo que come meu dinheiro kkkkkkkkkkkkkk
10/10
",True,236.53333333333333,0,1780849922,maldito come meu dinheiro kkkkkkkkkkkkkk,positivo
227419472,maneiro,True,131.46666666666667,0,1780849524,maneiro,positivo
227419030,jogo muito bom pois em minha visao e um jogo que libera aquela vontade de jogo,True,10.433333333333334,0,1780849160,bom pois minha visao libera aquela vontade,positivo
227418279,"bom, mas a comunidade do jogo é horrivel, 10/10",True,26.216666666666665,0,1780848580,bom mas comunidade horrivel,positivo
227418226,A VALVE APARENTEMENTE ABANDONOU O CS COM ESSA QUANTIDADE DE HACK,False,112.08333333333333,0,1780848539,valve aparentemente abandonou essa quantidade hack,negativo
227417735,muito hacker,False,3494.4666666666667,0,1780848176,hacker,negativo
227416118,"Jogo muito bom, não é pay to win, e é bem equilibrado, só não gostei que pra subir de nivel tem que pagar o prime, mas dá pra jogar tranquilamente sem.",True,22.816666666666666,0,1780847006,bom não pay win bem equilibrado não gostei pra subir nivel tem pagar prime mas pra jogar tranquilamente sem,positivo
227414115,Bom jogo! porem cheio de cheater,True,1061.5666666666666,2,1780845384,bom porem cheio cheater,positivo
227413525,muito bom e divertido,True,99.95,0,1780844926,bom divertido,positivo
227412532,Tenho que jogar mais para ter certeza sobre a qualidade do jogo.,True,5302.35,0,1780844150,tenho jogar ter certeza sobre qualidade,positivo
227410899,I LIKE THIS GAME,True,524.4,1,1780842886,like this,positivo
227410690,"otimo para jogar com amigos
",True,161.56666666666666,0,1780842709,otimo jogar amigos,positivo
227410209,"cheio de rack , xit pra todos lado comprei um prime 80 reais mais mal pagos da minha vida :(",False,93.85,0,1780842344,cheio rack xit pra todos lado comprei prime reais mal pagos minha vida,negativo
227408825,"Ótimo jogo, muito interessante, o único problema é que, se você for iniciante, vai ser complicado jogar mesmo no casual, já que os jogadores são bem trihard",True,3.95,0,1780841266,ótimo interessante único problema você for iniciante vai ser complicado jogar mesmo casual jogadores são bem trihard,positivo
227408173,"sei lá, achei meio paia, zero imersão viu",True,562.8166666666667,0,1780840781,sei achei meio paia zero imersão viu,positivo
227404327,tem muito hack,True,670.0166666666667,0,1780837547,tem hack,positivo
227401566,"NAO JOGUEM, PIOR JOGO DO MUNDO, MUITOS RACISTAS, MUITA CRIANÇA, NÃO ADIANTA NADA DENUNCIAR OS TROLLS ETC, NUNCA ACONTECE NADA. PIOR JOGO, MAS EU JOGO.",False,806.1,0,1780835194,nao joguem pior mundo racistas criança não adianta nada denunciar trolls etc nunca acontece nada pior mas,negativo
227400218,Pedrada,True,26.283333333333335,0,1780833926,pedrada,positivo
227398876,e tropa jogam esse jogo esse jogo so tem duente e mas no fundo sao duentes do bem sao pessoas legais tirando quando me xinga so pq so criança,True,43.36666666666667,0,1780832764,tropa jogam esse esse tem duente mas fundo sao duentes bem sao pessoas legais tirando quando xinga criança,positivo
227384466,Nostálgico.,True,255.48333333333332,1,1780817453,nostálgico,positivo
227379490,"muito bom, perdi 5 amigos e 3 familiares
",True,251.86666666666667,1,1780811247,bom perdi amigos familiares,positivo
227378626,trem bao dimais,True,10.5,0,1780810154,trem bao dimais,positivo
227377223,cheio de cheating,True,126.31666666666666,0,1780808434,cheio cheating,positivo
227376570,"jogo é bom, até hj tenho crises de raiva por causa dele, mas o jogo em si é legal",True,897.4333333333333,0,1780807563,bom até tenho crises raiva causa dele mas legal,positivo
227375653,"BOM E NOVO 
",True,341.3833333333333,0,1780806409,bom novo,positivo
227375561,anti chiter pessimo,False,144.48333333333332,0,1780806297,anti chiter pessimo,negativo
227375063,gostei bastante,True,118.03333333333333,0,1780805649,gostei bastante,positivo
227374970,Jogo top. Mas tem muitos xiters,True,20.883333333333333,0,1780805535,top mas tem xiters,positivo
227374818,"Jogo top, mas tem muitos xiters.",True,19.583333333333332,0,1780805346,top mas tem xiters,positivo
227374139,"Este jogo me ensinou a falar como um macaquinho muito malcriado VTNC
ᡕᠵデᡁ᠊╾━💥",True,370.93333333333334,0,1780804496,este ensinou falar como macaquinho malcriado vtnc ᡕᠵデᡁ,positivo
227374032,Muitos xiters.,True,25.766666666666666,0,1780804384,xiters,positivo
227372979,Hahaha!,True,48.7,0,1780803147,hahaha,positivo
227372415,jogo de tiro bom so nao atire sem pensar,True,4.516666666666667,0,1780802458,tiro bom nao atire sem pensar,positivo
227371419,jogo bom acaba com a saude mental bjsss,True,99.68333333333334,0,1780801203,bom acaba saude mental bjsss,positivo
227371394,"tentei jogar uma vez e deu errado, mas na segunda vez deu bom e q jogo gostosinho de bom.",True,84.23333333333333,1,1780801176,tentei jogar vez deu errado mas segunda vez deu bom gostosinho bom,positivo
227371255,"melhor jogo
",True,891.75,0,1780801000,melhor,positivo
227371014,Legal mas dificil pra iniciante jogar online,True,7.65,1,1780800700,legal mas dificil pra iniciante jogar online,positivo
227370508,Valve melhora esse anticheat pls,True,16.433333333333334,1,1780800066,valve melhora esse anticheat pls,positivo
227369870,Muito bom! estou jogando direto por 5 horas.,True,55.03333333333333,0,1780799267,bom estou jogando direto horas,positivo
227369349,"CS2 Um Jogo Para Quem Gosta De Competitivo!!! Comprem Conta PRIME, Assim Nao tem chance de cair contra xiter",True,14.8,0,1780798605,quem gosta competitivo comprem conta prime assim nao tem chance cair contra xiter,positivo
227369106,"Jogo bosta do karlaho, fica minimzando sozinho, o mouse para de funcionar, fica minuscula a janela do nada, muito bugado pqp",False,45.016666666666666,0,1780798284,bosta karlaho fica minimzando sozinho mouse funcionar fica minuscula janela nada bugado pqp,negativo
227368048,vc vai perder muito tempo da sua vida para aprender uma smoke recomendo,True,93.25,0,1780797079,vai perder tempo sua vida aprender smoke recomendo,positivo
227367887,Jogo top! Só tem muitos xiters.,True,29.616666666666667,0,1780796900,top tem xiters,positivo
227366567,jogo de merda mas eu jogo mrm assim,True,1106.5166666666667,0,1780795256,merda mas mrm assim,positivo
227366306,"estressante mas bom, tem uns cara que não tem vida social sabe ? Vive desse game... então se vc n ta nem aí esse game é pra vc.",True,26.533333333333335,0,1780794971,estressante mas bom tem uns cara não tem vida social sabe vive desse então nem esse pra,positivo
227366146,dmais wave igl corno,True,14.866666666666667,0,1780794772,dmais wave igl corno,positivo
227365935,jogo bom tirando o fato de morrer pra um cara de AWP por 1 pixel,True,94.3,0,1780794504,bom tirando fato morrer pra cara awp pixel,positivo
227365804,"SIMMMM  kibera ai pae
",True,84.18333333333334,0,1780794338,simmmm kibera pae,positivo
227364242,"Jogo bom, porem falta a tag de time",True,64.65,0,1780792489,bom porem falta tag time,positivo
227363963,terrivel,False,63.88333333333333,0,1780792137,terrivel,negativo
227361510,"perfeito
",True,35.083333333333336,0,1780789272,perfeito,positivo
227360916,melhor jogo do world,True,5.183333333333334,0,1780788592,melhor world,positivo
227360262,Eu Recomendo em pequenas dozes igual cocain@,True,326.73333333333335,0,1780787845,recomendo pequenas dozes igual cocain,positivo
227360228,"Sempre joguei CS, mas atualmente mesmo no Prime está impossível, xiter girando mesmo, sem esconder. Aí o jogo te obriga à ficar até o fim da partida ou abandonar e tomar punição ainda. Valve abandonou de vez o jogo, lamentável....",False,1240.0666666666666,0,1780787806,sempre joguei mas atualmente mesmo prime está impossível xiter girando mesmo sem esconder obriga ficar até fim partida abandonar tomar punição ainda valve abandonou vez lamentável,negativo
227359998,"Foda-se eles, eu sou melhor",True,11.733333333333333,0,1780787532,foda eles sou melhor,positivo
227359888,"Jogo Top, no entanto, é uma pena a quantidade de xiters que a gente encontra no game!",True,25.9,0,1780787412,top entanto pena quantidade xiters gente encontra,positivo
227359357,"csgo ja era maravilhoso msm com seus 1001 defeitos ainda era jogavel, mas agr com cs2 E SIMPLESMENTE FODA, voltei a jogar e sinto que estou em uma episidio de ricky & morty onde simplesmente um macaco com uma cano curto tem mais alcance que ele pensava, o jogo necessita de uma otimização urgenteeee mas tbm um melhoramente em certas coisas que são como por exemplo PQ CARALHOS EU SOU CEGADO MSM ESTANDO DENTRO DE UMA SMOKE E OLHANDO PRA BAIXA, smoke virou um espelho kct? 10/10 jogaço da porr",False,102.56666666666666,0,1780786865,csgo era maravilhoso msm seus 1001 defeitos ainda era jogavel mas agr simplesmente foda voltei jogar sinto estou episidio ricky morty onde simplesmente macaco cano curto tem alcance ele pensava necessita otimização urgenteeee mas tbm melhoramente certas coisas são como exemplo caralhos sou cegado msm estando dentro smoke olhando pra baixa smoke virou espelho kct jogaço porr,negativo
227358935,daora mais tem muito xiter,True,84.18333333333334,0,1780786428,daora tem xiter,positivo
227358763,"jogo lotado de xitado mas vale cada raiva 
",True,205.61666666666667,0,1780786238,lotado xitado mas vale cada raiva,positivo
227358162,so o mercado que é injusto na mnh opiniao,True,130.71666666666667,0,1780785626,mercado injusto mnh opiniao,positivo
227357573,Tirando os hackers o e os baiters o jogo e bom,True,5.9,1,1780785064,tirando hackers baiters bom,positivo
227357117,"Ta complicado com os cheaters mas o jogo ainda vale a pena ser jogado. É viciante? Sim. É revoltante? Sim, também. Mas é muito bom de jogar.",True,144.21666666666667,1,1780784592,complicado cheaters mas ainda vale pena ser jogado viciante sim revoltante sim também mas bom jogar,positivo
227357046,"Cheio de Hack, não tem graça de jogar !!!!!!!!!!!!!!!!!!",False,3847.233333333333,0,1780784531,cheio hack não tem graça jogar,negativo
227356473,"Um jogo Bolionario cheio de Wall e outros Hack, parabéns !!!! bora pra mais um  IEM Cologne Major 2026
",False,23.3,0,1780784012,bolionario cheio wall outros hack parabéns bora pra iem cologne major 2026,negativo
227356466,"Jogo historicamente muito bom, porém a Valve não tem feito o trabalho de casa e a quantidade de cheaters está tão grande que o jogo fica horrível, a cada 4 jogos, 2 tem cheater. Outro ponto é o quesito de integridade, pois mesmo legit, muitos jogadores ganham integridade baixa por denúncias falsas de outros.",False,2697.95,0,1780784007,historicamente bom porém valve não tem feito trabalho casa quantidade cheaters está tão grande fica horrível cada jogos tem cheater outro ponto quesito integridade pois mesmo legit jogadores ganham integridade baixa denúncias falsas outros,negativo
227356253,fui abusado verbalmente 10/10,True,4.983333333333333,0,1780783813,fui abusado verbalmente,positivo
227355680,show de bola,True,986.2,0,1780783287,show bola,positivo
227355226,"valve é uma merda
",True,175.96666666666667,0,1780782854,valve merda,positivo
227355189,68432764w,True,14.416666666666666,0,1780782818,68432764w,positivo
227354577,impactante,True,384.71666666666664,0,1780782255,impactante,positivo
227352263,o caba passa uma raiva mas é bom,True,408.35,0,1780780161,caba passa raiva mas bom,positivo
227352163,Mais ou menos kkk.,True,17.516666666666666,0,1780780087,menos kkk,positivo
227351678,"Jogo incrível, vou recomendar no meu Gmail.",True,13.133333333333333,0,1780779681,incrível vou recomendar meu gmail,positivo
227351381,"CSGO foi o melhor momento da VALVE, o jogo em si era perfeito, POREM, a valve teve a brilhante ideia de criar esse LIXO, MAIS HACKERS, Mais toxidade, MAIS EFEITOS DESNECESSÁRIOS, PESOU O JOGO DESNECESSARIAMENTE, TIROU O SISTEMA DE VER SE O CARA ESTAVA MIADO OU N DURANTE A TROCA DE TIRO...SINCERAMENTE, ESSE JOGO SÓ TEM ANALISE POSITIVA AINDA POR NOSTALGIA OU PQ O BRASILEIRO MÉDIO É MEDIOCRE E ACEITA MTO POUCO!",False,1447.5666666666666,1,1780779438,csgo foi melhor momento valve era perfeito porem valve teve brilhante ideia criar esse lixo hackers toxidade efeitos desnecessários pesou desnecessariamente tirou sistema ver cara estava miado durante troca tiro sinceramente esse tem analise positiva ainda nostalgia brasileiro médio mediocre aceita mto pouco,negativo
227349934,"Tirando os hack, e  a  falta de  resolvibilidade  da valve e  otimo.",True,801.1166666666667,0,1780778232,tirando hack falta resolvibilidade valve otimo,positivo
227349312,meu joguinho preferido da vida <3,True,2408.5,1,1780777726,meu joguinho preferido vida,positivo
227348325,NAO É AURA.,False,4.116666666666666,1,1780776946,nao aura,negativo
227344794,"extremamente positivo
",True,73.93333333333334,0,1780774071,extremamente positivo,positivo
227344544,O MELHOR OGO DO MUNDOOOOOOOOOOO,True,44.45,0,1780773869,melhor ogo mundooooooooooo,positivo
227343214,gosei de tudo,True,547.8,0,1780772847,gosei tudo,positivo
227342946,Bão demais,True,40.55,0,1780772657,bão demais,positivo
227342776,"Puxo uma partida, erro smoke, erro flashbang, pino tudo, morro. Jogasso (1000/10)",True,7.216666666666667,0,1780772538,puxo partida erro smoke erro flashbang pino tudo morro jogasso 1000,positivo
227341272,GOD GOD,True,498.75,0,1780771327,god god,positivo
227339953,jogo legal para se divertir com os amigos uhull!!!!!!!!!!!!!!!!!!!!!!!!!,True,131.06666666666666,0,1780770201,legal divertir amigos uhull,positivo
227337632,SÓ HACK NESSA MERDA,False,75.75,0,1780768376,hack nessa merda,negativo
227337320,"Acabou com minha vida, minha pior decisão foi instalar esse jogo.
Me deu vários problemas, entre eles:
Ansiedade
Depressão
Transtorno do panico
Dor de cabeça
Dor nos olhos
Dor no emocional
Prejuízo
Vício
Nojo
Miopia
Motivos para suicídio
    mas recomendo, mt bom melhor jogo q já joguei!",True,597.65,0,1780768108,acabou minha vida minha pior decisão foi instalar esse deu vários problemas entre eles ansiedade depressão transtorno panico dor cabeça dor olhos dor emocional prejuízo vício nojo miopia motivos suicídio mas recomendo bom melhor joguei,positivo
227334713,"Sensacional para jogar com os amigos.. nada mais gostoso do que chegar do trabalho e jogar algumas partidas, perder algumas horas de vida, cair contra ""profissional caseiro"" no MM e dormir tranquilo com a cabeça relaxada.",True,4965.916666666667,0,1780765980,sensacional jogar amigos nada gostoso chegar trabalho jogar algumas partidas perder algumas horas vida cair contra profissional caseiro dormir tranquilo cabeça relaxada,positivo
227333513,"Top, melhor jogo de FPS",True,8.083333333333334,0,1780765033,top melhor fps,positivo
227332389,"Jogo bom d+, mais só pra quem sabe fazer smoke janelam,  e eu não sei só morro qunado abro pixel então nem abro.",True,106.13333333333334,0,1780764137,bom pra quem sabe fazer smoke janelam não sei morro qunado abro pixel então nem abro,positivo
227329930,kkkk quem joga sabe!,True,2491.6833333333334,0,1780762212,kkkk quem joga sabe,positivo
227329322,Meu Amor !,True,175.98333333333332,1,1780761738,meu amor,positivo
227329280,Não me convenceu,False,5632.916666666667,0,1780761699,não convenceu,negativo
227328549,"MUITOS HACKERS E CHEATERS NO JOGO, SEM PUNIÇÃO. TERRA SEM LEI.",False,39.46666666666667,0,1780761108,hackers cheaters sem punição terra sem lei,negativo
227326553,"jogo lixo ,so tem hack nas partida , e o pior e q tem hack no sem patente ,fecha esse jogo de merda logo ou trabalhem direito",False,6.783333333333333,0,1780759621,lixo tem hack partida pior tem hack sem patente fecha esse merda logo trabalhem direito,negativo
227326419,"MN O JOGO E BOM SOQUE TEM MT SANGUE ENTÃO RECOMENDO ACIMA DE 10 ANOS
",True,88.7,0,1780759518,bom soque tem sangue então recomendo acima anos,positivo
227325257,"Bom demais so, pode passar um pouco de raiva mais e divertido demais",True,10.716666666666667,0,1780758674,bom demais pode passar pouco raiva divertido demais,positivo
227318957,muito bom tirando os hacks,True,25.033333333333335,0,1780753474,bom tirando hacks,positivo
227317716,Melhor FPS competitivo.,True,2257.5333333333333,0,1780752383,melhor fps competitivo,positivo
227317366,Joga isso não pô,True,2230.766666666667,0,1780752098,joga isso não,positivo
227315914,Prefiro cs go,True,662.8,0,1780750812,prefiro,positivo
227315515,"bem legal
",True,14.55,0,1780750460,bem legal,positivo
227300812,toppppp dms,True,39.55,0,1780735444,toppppp dms,positivo
227298386,"Jogo para se estressar, recomendo 👍",True,481.0,0,1780732752,estressar recomendo,positivo
227296464,"Gosto  de jogos competitivos porém os administradores devem cuidar melhor do server e da comunidade pois são eles que  pagam seus salários, pontos a melhorar servidor com ping  alto, hackers, delay e mais otimizações",True,544.7333333333333,0,1780730466,gosto jogos competitivos porém administradores devem cuidar melhor server comunidade pois são eles pagam seus salários pontos melhorar servidor ping alto hackers delay otimizações,positivo
227296345,"Esse jogo e que nem droga, vicia no inicio, agora e so pra manter o vicio mesmo.",False,301.1,0,1780730308,esse nem droga vicia inicio agora pra manter vicio mesmo,negativo
227294518,cheio de cheater e muito mais mal otimizado do q o cs 1,False,742.25,0,1780727974,cheio cheater mal otimizado,negativo
227292785,pew! pew! pew! pew! Olha minha faca que custou 6666k de dólares,True,5.166666666666667,0,1780725622,pew pew pew pew olha minha faca custou 6666k dólares,positivo
227292198,"Jogo desde o 1.6 e, até hoje, não deixa de ser um dos melhores jogos de FPS para mim.",True,449.73333333333335,0,1780724853,desde até hoje não deixa ser melhores jogos fps mim,positivo
227290884,"homem joga jogo de tiro = homem feliz, homem cai com cara que usa cheat = homem triste
",True,25.733333333333334,0,1780723175,homem joga tiro homem feliz homem cai cara usa cheat homem triste,positivo
227289538,"um dos melhores jogos de FPS já criado, porém seu sistema de anti-cheat é muito falho, dando muitas aberturas aos cheaters, também existe a questão do ban por cheat não ser permanente e sim por alguns dias
",True,116.93333333333334,0,1780721448,melhores jogos fps criado porém seu sistema anti cheat falho dando aberturas aos cheaters também existe questão ban cheat não ser permanente sim alguns dias,positivo
227288135,legal mas tem hack no prime.,True,7.216666666666667,0,1780719640,legal mas tem hack prime,positivo
227288109,absolute CS!,True,224.83333333333334,0,1780719605,absolute,positivo
227287548,"O Counter-Strike 2 representa uma evolução importante da franquia. Embora tenha enfrentado desafios no lançamento, o jogo recebeu diversas melhorias que fortaleceram a experiência competitiva e visual ao longo do tempo.

Pontos fortes

1. Gráficos e imersão aprimorados

A migração para a engine Source 2 trouxe iluminação mais realista, texturas mais detalhadas e mapas visualmente renovados.
Ambientes clássicos como Mirage, Inferno e Nuke ganharam mais qualidade sem perder a identidade competitiva.

2. Sistema Sub-Tick

O novo sistema registra ações dos jogadores com maior precisão temporal, tornando disparos, movimentação e utilização de utilitários mais responsivos.
A Valve continua refinando essa tecnologia por meio de atualizações constantes.

3. Melhorias contínuas

Diversas atualizações recentes melhoraram a consistência dos tiros, animações, sons e desempenho geral do jogo.
A Valve tem demonstrado compromisso em corrigir problemas e aperfeiçoar a experiência competitiva.

4. Experiência competitiva sólida

O CS2 mantém a essência que tornou o Counter-Strike um dos maiores esports do mundo: mecânica baseada em habilidade, trabalho em equipe e estratégia.
Cada partida oferece alto nível de competitividade e possibilidade de evolução individual.

5. Comunidade ativa

Milhões de jogadores continuam ativos diariamente.
O mercado de skins, torneios profissionais e conteúdo criado pela comunidade ajudam a manter o jogo sempre relevante.
Conclusão

O CS2 conseguiu modernizar uma das franquias mais importantes dos jogos competitivos sem abandonar sua essência. Com gráficos atualizados, tecnologia mais avançada, atualizações frequentes e uma cena competitiva extremamente forte, o jogo se consolida como uma das principais referências entre os FPS táticos da atualidade.

Resumo: O CS2 oferece uma experiência competitiva refinada, visual moderno e constante evolução, sendo uma excelente opção para jogadores casuais e competitivos. 🎯🔫",True,1198.85,0,1780718863,representa evolução importante franquia embora tenha enfrentado desafios lançamento recebeu diversas melhorias fortaleceram experiência competitiva visual longo tempo pontos fortes gráficos imersão aprimorados migração engine source trouxe iluminação realista texturas detalhadas mapas visualmente renovados ambientes clássicos como mirage inferno nuke ganharam qualidade sem perder identidade competitiva sistema sub tick novo sistema registra ações jogadores maior precisão temporal tornando disparos movimentação utilização utilitários responsivos valve continua refinando essa tecnologia meio atualizações constantes melhorias contínuas diversas atualizações recentes melhoraram consistência tiros animações sons desempenho geral valve tem demonstrado compromisso corrigir problemas aperfeiçoar experiência competitiva experiência competitiva sólida mantém essência tornou maiores esports mundo mecânica baseada habilidade trabalho equipe estratégia cada partida oferece alto nível competitividade possibilidade evolução individual comunidade ativa milhões jogadores continuam ativos diariamente mercado skins torneios profissionais conteúdo criado pela comunidade ajudam manter sempre relevante conclusão conseguiu modernizar franquias importantes jogos competitivos sem abandonar sua essência gráficos atualizados tecnologia avançada atualizações frequentes cena competitiva extremamente forte consolida como principais referências entre fps táticos atualidade resumo oferece experiência competitiva refinada visual moderno constante evolução sendo excelente opção jogadores casuais competitivos,positivo
227287440,"Jogo ótimo, mas o Premier (especial) e o Competitivo são infestado de cheaters. Quem quiser jogar um pug sério e sem cheaters, vá pra GC e Faceit.",True,499.18333333333334,0,1780718734,ótimo mas premier especial competitivo são infestado cheaters quem quiser jogar pug sério sem cheaters pra faceit,positivo
227286216,nao jogue,False,232.11666666666667,0,1780717153,nao jogue,negativo
227286111,jogo é bom mais eu sou Ruim kkkkk,True,1364.9333333333334,0,1780717039,bom sou ruim kkkkk,positivo
227284907,tem molieres,True,674.4666666666667,0,1780715595,tem molieres,positivo
227284664,meio cansativo,True,381.4,0,1780715298,meio cansativo,positivo
227284580,melhor de todos,True,32.56666666666667,0,1780715200,melhor todos,positivo
227284298,topzera,True,154.71666666666667,0,1780714753,topzera,positivo
227283035,"jogo otimo, pra quem quer passar muita raiva, no começo eu era horrivel mas agora estou bem melhor é tenho 553 horas enfim csgo e vida.",True,521.4333333333333,0,1780713219,otimo pra quem quer passar raiva começo era horrivel mas agora estou bem melhor tenho 553 horas enfim csgo vida,positivo
227282900,"muito bom, jogo com meus amigos 
",True,549.3166666666667,0,1780713027,bom meus amigos,positivo
227281576,TOMANOVU,False,219.83333333333334,0,1780711396,tomanovu,negativo
227281289,Jogo top ainda mais com  os amigos,True,133.95,0,1780711039,top ainda amigos,positivo
227281193,bom demais,True,100.13333333333334,0,1780710933,bom demais,positivo
227280954,peek formula,True,245.35,0,1780710653,peek formula,positivo
227280513,"muito legal, para perder horas preciosas do dia e se estressar",True,163.1,0,1780710035,legal perder horas preciosas dia estressar,positivo
227279221,"minha arma faz undaia undaia papa...
",True,174.41666666666666,0,1780708539,minha arma faz undaia undaia papa,positivo
227278917,"Jogo cheio de cheater e a desenvolvedora não faz nada sobre o assunto. duas partidas seguidas os jogadores girando e atirando somente headshot em todos os jogadores em segundos. O jogo acabou, infelizmente.",False,3208.2166666666667,0,1780708191,cheio cheater desenvolvedora não faz nada sobre assunto duas partidas seguidas jogadores girando atirando somente headshot todos jogadores segundos acabou infelizmente,negativo
227278852,top recomendo,True,7.883333333333334,0,1780708107,top recomendo,positivo
227278850,O jogo ta infestado de xiter,False,622.1666666666666,0,1780708105,infestado xiter,negativo
227278846,JOGO TA CHEIO DE XITER NO PREMIER 2 DIAS SEGUIDOS PEGANDO XITER GIRANDO E O FODASE E NADA ACONTECE!,False,331.85,0,1780708100,cheio xiter premier dias seguidos pegando xiter girando fodase nada acontece,negativo
227278554,"Game bom, bom pra perder o pouco de sanidade mental que me resta",True,131.38333333333333,0,1780707744,bom bom pra perder pouco sanidade mental resta,positivo
227276723,"jogo de familia, me sinto seguro jogando",True,133.9,0,1780705520,familia sinto seguro jogando,positivo
227276310,"os cara sao toxicos e falam que vai te matar na vida real e n da em nada , n da ban n da merda nenhuma",False,154.55,0,1780705064,cara sao toxicos falam vai matar vida real nada ban merda nenhuma,negativo
227275016,O melhor jogo que existe.,True,516.75,0,1780703636,melhor existe,positivo
227274231,"O jogo é bom, mas só tem chitado lixo!",True,6339.166666666667,0,1780702837,bom mas tem chitado lixo,positivo
227273327,"e bom, porem tem muita toxidade no voip e muito trapaceirop sem bam dos servidores oficiais.",True,2055.983333333333,0,1780701815,bom porem tem toxidade voip trapaceirop sem bam servidores oficiais,positivo
227273013,"Jogue para relaxar, não para se estressar.",True,1810.05,0,1780701488,jogue relaxar não estressar,positivo
227273003,"passo raiva, mas não largo",True,2312.4,0,1780701471,passo raiva mas não largo,positivo
227271538,Bom demais!,True,383.78333333333336,0,1780699836,bom demais,positivo
227270927,"quem tem mais de 450,7 horas nesse jogo é pcd",False,462.15,0,1780699119,quem tem 450 horas nesse pcd,negativo
227270894,Simplesmente Legal,True,32.916666666666664,0,1780699081,simplesmente legal,positivo
227269998,"jogo muito realista, vc ve um cara abrindo pixel, vc fecha, ele da um tiro dps de vc ja estar 3 segundos atras da parede e mesmo assim vc toma um hs. recomendo",True,1457.6166666666666,0,1780698208,realista cara abrindo pixel fecha ele tiro dps estar segundos atras parede mesmo assim toma recomendo,positivo
227268924,"joguei em outras contas, tenho um total de horas em cerca de 3 mil horas de cs, é o melhor jogo em questao de jogabilidade, versatilidade, mas tem um ponto que deixa a desejar... que é o anticheat, é muito ruim, se a valve adotasse o sistema anticheat da gamersclub, ia ser o melhor jogo da face da terra, mas essa incompetencia da dona do game que quebra, mas de resto, é simplesmente nota 10, quem tiver na duvida se baixa o jogo, mano, nem pensa, jogo é bom pra c4rale0, tmj rapazes.",True,469.55,0,1780697106,joguei outras contas tenho total horas cerca mil horas melhor questao jogabilidade versatilidade mas tem ponto deixa desejar anticheat ruim valve adotasse sistema anticheat gamersclub ser melhor face terra mas essa incompetencia dona quebra mas resto simplesmente nota quem tiver duvida baixa mano nem pensa bom pra c4rale0 tmj rapazes,positivo
227268224,"Jogo cheio de CHEAT, Recomendo pra ninguém.",False,44.88333333333333,0,1780696398,cheio cheat recomendo pra ninguém,negativo
227267153,Socorro!,False,3990.5,0,1780695335,socorro,negativo
227267009,um dos melhores jogos que tem,True,128.3,0,1780695174,melhores jogos tem,positivo
227266818,muito bom amassar fracassado nesse jogo!,True,792.2166666666667,0,1780694997,bom amassar fracassado nesse,positivo
227266519,"O CS2 é um jogo muito bom, com ótima jogabilidade, gráficos atualizados e uma experiência competitiva bastante divertida. As mecânicas são bem equilibradas e o jogo continua sendo uma das principais referências entre os FPS táticos. Porém, no modo Premier, ainda é comum encontrar jogadores utilizando trapaças, o que acaba prejudicando a experiência competitiva. Por isso, muitos jogadores preferem utilizar plataformas externas, como a FACEIT, que costumam oferecer uma melhor fiscalização e um ambiente mais justo para quem busca partidas mais sérias e equilibradas.",True,1040.6333333333334,1,1780694701,bom ótima jogabilidade gráficos atualizados experiência competitiva bastante divertida mecânicas são bem equilibradas continua sendo principais referências entre fps táticos porém modo premier ainda comum encontrar jogadores utilizando trapaças acaba prejudicando experiência competitiva isso jogadores preferem utilizar plataformas externas como faceit costumam oferecer melhor fiscalização ambiente justo quem busca partidas sérias equilibradas,positivo
227264769,"Depois de 2 anos, podendo voltar a jogar CS2 agora, está sendo uma exp muito loca.",True,28.966666666666665,0,1780693147,depois anos podendo voltar jogar agora está sendo exp loca,positivo
227263424,The best,True,590.0166666666667,0,1780692037,the best,positivo
227262863,"recomendo, jogo competitivo único, passar raiva é normal kkkkk",True,93.96666666666667,1,1780691565,recomendo competitivo único passar raiva normal kkkkk,positivo
227262049,"JOGO BOM, MAS C VAI PASSAR RAIVA",True,44.86666666666667,0,1780690901,bom mas vai passar raiva,positivo
227261649,jogo e mto divertido mesmo mais acho que podiam baixar o preço das caixas,True,247.85,0,1780690558,mto divertido mesmo acho podiam baixar preço caixas,positivo
227261203,nuito top,True,100.96666666666667,0,1780690184,nuito top,positivo
227260170,se você se ofende fácil nao recomendo mas se você nao liga esse jogo e uma maravilha,True,10.8,0,1780689368,você ofende fácil nao recomendo mas você nao liga esse maravilha,positivo
227259652,Jogo mto bom e viciante mais mto toxico recomendo pra qualquer 1,True,1023.0166666666667,0,1780688942,mto bom viciante mto toxico recomendo pra qualquer,positivo
227259436,"jogo mto bom graficos exelentes jogabilidade incrivel cheio de coisas mto bom
",True,42.85,0,1780688772,mto bom graficos exelentes jogabilidade incrivel cheio coisas mto bom,positivo
227258060,"ele e um jogo muito divertido
",True,16.583333333333332,0,1780687683,ele divertido,positivo
227257392,Joguei só um pouco pra ver se o jogo era bom,True,1155.5166666666667,0,1780687141,joguei pouco pra ver era bom,positivo
227256391,jogo buga na partida e dps n da pra reconectar e vc leva ban maldita volvo,False,90.75,0,1780686347,buga partida dps pra reconectar leva ban maldita volvo,negativo
227255989,tipo valorant so que og,True,24.3,0,1780686053,tipo valorant,positivo
227253111,"muito bom, porem muito cheaters
",True,74.35,0,1780683681,bom porem cheaters,positivo
227252233,"No começo você acha uma merda, desinstala pq os caras do ""nível baixo do começo do jogo"" parecem pro players com mais de 500h de jogo.

Ai depois de 2 anos, vc já com outro computador, instala novamente, e a mesma bosta acontece, e vc desinstala.

Depois de mais dois anos um cara te chama pra jogar, vocês nunca jogaram juntos, e vc entra num mata mata pra aprender a jogar e treinar

Tu joga umas partidas competitivas (modo padrão do jogo), conhece 2 caras muito legais em partidas aleatórias, joga com eles por 2 dias e dps para de gostar do jogo e não fala com eles mais, por mais q eles te convidem toda semana.

Um dia vc enjoa do rocket league, e fala: Por que não um Cszinho??

Tu descobre o modo ""Jogo de armas"", e vc apaixona, todos os dias depois da aula, do trabalho, ou de qualquer bosta chata vc joga o jogo nesse modo.

De repente se passou 1 mês, vc tem 40h de jogo, ficou bem melhor, e consegue jogar partidas competitivas sem morrer TODOS os rounds e com mais de 3 kills no fim da partida de 1 hora.

Enfim, o começo é uma merda, mas depois que vc fica bom é muito gostosinho de jogar, recomendo caso tenha a santa paciência.
Obs: é divertido ver as pessoas se xingando no lobby",True,43.4,0,1780682975,começo você acha merda desinstala caras nível baixo começo parecem pro players 500h depois anos outro computador instala novamente mesma bosta acontece desinstala depois dois anos cara chama pra jogar vocês nunca jogaram juntos entra num mata mata pra aprender jogar treinar joga umas partidas competitivas modo padrão conhece caras legais partidas aleatórias joga eles dias dps gostar não fala eles eles convidem toda semana dia enjoa rocket league fala não cszinho descobre modo armas apaixona todos dias depois aula trabalho qualquer bosta chata joga nesse modo repente passou mês tem 40h ficou bem melhor consegue jogar partidas competitivas sem morrer todos rounds kills fim partida hora enfim começo merda mas depois fica bom gostosinho jogar recomendo caso tenha santa paciência obs divertido ver pessoas xingando lobby,positivo
227252020,jogo muito  bom mas apesar dos hacker,True,2805.7166666666667,1,1780682798,bom mas apesar hacker,positivo
227250974,jogo que vai acabar com a sua vida,True,5889.233333333334,0,1780681928,vai acabar sua vida,positivo
227250516,"muito bommmm
",True,14.6,0,1780681555,bommmm,positivo
227249695,"Jogo é ótimo, tirando o fato que o jogo tem um problema crônico com o PACK_01 o terror das memorias RAM desde o 1.6, tem xeat em todo mapa, as balas não pegam, a wlp atira feijao, a scout dá mais dano que a wlp, a ak acerta correndo e atirando, os jogadores humildes, sem preconceitos, sem xigamentos melhor comunidade que existe, completei 1.000 horas recomendo muito.
",True,1136.7,2,1780680874,ótimo tirando fato tem problema crônico pack_01 terror memorias ram desde tem xeat todo mapa balas não pegam wlp atira feijao scout dano wlp acerta correndo atirando jogadores humildes sem preconceitos sem xigamentos melhor comunidade existe completei 000 horas recomendo,positivo
227243829,MUITO XITER NAS PARTIDAS,False,166.41666666666666,0,1780675821,xiter partidas,negativo
227241942,Só tem xitado infelizmente,True,102.68333333333334,1,1780674187,tem xitado infelizmente,positivo
227236524,"Gostei muito do jogo, qualidade exelente, porém muitas pessoas toxicas, e é muito mau otimizado.",True,21.933333333333334,0,1780669537,gostei qualidade exelente porém pessoas toxicas mau otimizado,positivo
227232533,"Muito bom, um clássico.",True,65.85,0,1780665891,bom clássico,positivo
227231563,"jogo horrivel, jogabilidade duvidosa, jogar online é impossivel devido a quantidade absurda de cheat. destruiram o jogo do GO pro cs2, só investem em skinks, em caixas e etc, virou um NFC extremamente arriscado ainda por cima, por que a qualquer momento a valve pode atualizar esse sistema de skins e um inventario que vale muito hoje pode passar a nao valer nada da noite para o dia, fora que são tempos e recurso usados de forma desnecessarias, deveriam corrigir bugs, jogabilidade e achar uma forma de se proteger contra cheater e smurfs, mas ao inves disso ESTAO investindo em colorir as arminhas do jogo. enfim.. PESSIMO NÃO RECOMENDO.",False,1753.1166666666666,5,1780664942,horrivel jogabilidade duvidosa jogar online impossivel devido quantidade absurda cheat destruiram pro investem skinks caixas etc virou nfc extremamente arriscado ainda cima qualquer momento valve pode atualizar esse sistema skins inventario vale hoje pode passar nao valer nada noite dia fora são tempos recurso usados forma desnecessarias deveriam corrigir bugs jogabilidade achar forma proteger contra cheater smurfs mas inves disso estao investindo colorir arminhas enfim pessimo não recomendo,negativo
227228738,"as vezes da vontade de quebrar o pc inteiro, mas vale a pena",True,63.75,0,1780661918,vezes vontade quebrar inteiro mas vale pena,positivo
227226501,O milior.,True,719.5333333333333,1,1780659334,milior,positivo
227224179,recomendo mas recomendo a gamers clube por que esse jogo é podre e cheio de hackers,True,2223.8,0,1780656433,recomendo mas recomendo gamers clube esse podre cheio hackers,positivo
227216191,"Muito massa, pena que sou ruim.",True,4.466666666666667,0,1780645483,massa pena sou ruim,positivo
227211225,satanas de cueca,True,783.8166666666667,0,1780637754,satanas cueca,positivo
227210882,Melhor jogo que já existiu depois do cs:go '-',True,4896.333333333333,0,1780637180,melhor existiu depois,positivo
227210484,"e o melhor jogo do mundo
",True,14.3,0,1780636535,melhor mundo,positivo
227210425,MUITOS HACKERS E JOGADORES TOXICOS QUE BANEM SEM MOTIVO E A VALVE NÃO FAZ PORCARIA NENHUMA PARA EVITAR,False,153.91666666666666,0,1780636454,hackers jogadores toxicos banem sem motivo valve não faz porcaria nenhuma evitar,negativo
227209490,nao joguei muito mas parece ser bom,True,1200.0166666666667,0,1780635009,nao joguei mas parece ser bom,positivo
227209287,"Irmão, isso consome sua cabeça em um nível absurdo, perdi momentos absurdos da minha vida pq fiquei preso jogando isso, só tem doente nesse jogo, nao vale apena começar, mas fora isso tudo, recomendo, 10/10",False,118.63333333333334,0,1780634693,irmão isso consome sua cabeça nível absurdo perdi momentos absurdos minha vida fiquei preso jogando isso tem doente nesse nao vale apena começar mas fora isso tudo recomendo,negativo
227207886,"tudo pra mim 
",True,1255.3,0,1780632541,tudo pra mim,positivo
227207661,"gbnadpo
avbj2o
qed5",True,76.31666666666666,0,1780632171,gbnadpo avbj2o qed5,positivo
227206688,gastei 1000 real,True,191.73333333333332,0,1780630784,gastei 1000 real,positivo
227206408,é um jogo maravilho sa,True,501.25,0,1780630396,maravilho,positivo
227206312,KKKKKKKKKKKKKKKKKKK,True,5.716666666666667,0,1780630278,kkkkkkkkkkkkkkkkkkk,positivo
227206153,"Jogo excelente para passar tempo, gostei!
",True,430.4,0,1780630069,excelente passar tempo gostei,positivo
227206094,"muito foda, quando não tem hack na partida.",True,283.6333333333333,0,1780629961,foda quando não tem hack partida,positivo
227205930,jogo brr boom boom nao baixem isso,True,43.56666666666667,0,1780629725,brr boom boom nao baixem isso,positivo
227204877,eu  tinha vvida antes,True,4975.633333333333,0,1780628323,tinha vvida antes,positivo
227204827,Número de jogadores com hacker é alto,True,64.36666666666666,0,1780628244,número jogadores hacker alto,positivo
227204600,aura e ego,True,240.1,0,1780627958,aura ego,positivo
227204508,melhor que tem,True,276.68333333333334,0,1780627819,melhor tem,positivo
227204469,"JOGO BOM, MELHOR QUE VALORANT, DISPARADO!!!",True,68.8,0,1780627766,bom melhor valorant disparado,positivo
227204378,"ATE QUE E LEGALZINHO
",True,66.36666666666666,0,1780627615,ate legalzinho,positivo
227203527,lotado de cheater :(,False,290.55,0,1780626450,lotado cheater,negativo
227203487,"bom, mas parei de jogar porque fazia eu falar palavrão",True,141.78333333333333,0,1780626391,bom mas parei jogar porque fazia falar palavrão,positivo
227203326,perfeito,True,70.36666666666666,0,1780626175,perfeito,positivo
227202813,Shooow!,True,180.45,0,1780625420,shooow,positivo
227202549,"valeu a pena gastar 80 na prime? nao, mas gostei pq me sinto rico com prime",True,444.3666666666667,0,1780625033,valeu pena gastar prime nao mas gostei sinto rico prime,positivo
227201503,SUPER RECOMENDO,True,128.43333333333334,1,1780623612,super recomendo,positivo
227201418,"jogo está cheio de hack, mais é top",True,362.76666666666665,0,1780623503,está cheio hack top,positivo
227200580,muto sangue e muito hackers um jogo perfeito para se estressar,True,5.316666666666666,0,1780622360,muto sangue hackers perfeito estressar,positivo
227200414,"É um ótimo jogo competitivo. Mas possui alguns pontos ruins que é válido destacar:

- A comunidade, por grande parte, é tóxica ou não se comunicam o necessário em cenários competitivos, onde é totalmente necessário que haja uma mínima comunicação.
- O anticheat (VAC) é muito ruim, já houve cenários de eu jogar contra um time xitado (b-hopando, dando HS atrás da parede toda hora, etc...) e o VAC não banir esses usuários. Em grande maioria, é isso que ocorre.

mas quando não tem isso, é um ótimo jogo.",True,279.0833333333333,0,1780622153,ótimo competitivo mas possui alguns pontos ruins válido destacar comunidade grande parte tóxica não comunicam necessário cenários competitivos onde totalmente necessário haja mínima comunicação anticheat vac ruim houve cenários jogar contra time xitado hopando dando atrás parede toda hora etc vac não banir esses usuários grande maioria isso ocorre mas quando não tem isso ótimo,positivo
227200301,SIMPLY LOVELY,True,585.2666666666667,0,1780622011,simply lovely,positivo
227200165,"mt bom mais estressa um pouco
",True,38.56666666666667,0,1780621840,bom estressa pouco,positivo
227198348,">ver um video de cs
>ficar com vontade de jogar
>abrir o cs animado/a
>morrer do jeito mais normal do jogo
>acusar o adversario de wall/hack
>perder e culpar o time
>dormir
>repetir",True,116.28333333333333,0,1780619392,ver video ficar vontade jogar abrir animado morrer jeito normal acusar adversario wall hack perder culpar time dormir repetir,positivo
227197882,"IMPOSSIVEL SE DIVERTIR, JOGO TA INFESTADO, INTUPIDO DE HACK!!! E NÃO É AQUELES WALL HACK NÃO!! ELES SAI GIRANDO DANDO HS PELA PAREDE DURANTE A PARTIDA TODA 4 A CADA 10 PARTIDAS TEM UM!! EU DESISTI A MUITO TEMPO DESSE JOGO....",False,153.91666666666666,0,1780618745,impossivel divertir infestado intupido hack não aqueles wall hack não eles sai girando dando pela parede durante partida toda cada partidas tem desisti tempo desse,negativo
227197603,top top,True,305.8833333333333,0,1780618371,top top,positivo
227197134,joia. so tem muito hack,True,307.05,0,1780617733,joia tem hack,positivo
227196704,faz o cerebelo coçar,True,302.6333333333333,0,1780617205,faz cerebelo coçar,positivo
227196516,Da pra se divertir com os amigos,True,1241.85,0,1780616985,pra divertir amigos,positivo
227196506,"melhor jogo q ja existiu, mas valve  arruma um jeito de banir os XITERS e deixar o preço das chves de abrir caixa mais baixo ou so colocar as chaves no mimo semanal q ai nao precisa gastar com chave.",True,254.86666666666667,0,1780616970,melhor existiu mas valve arruma jeito banir xiters deixar preço chves abrir caixa baixo colocar chaves mimo semanal nao precisa gastar chave,positivo
227196113,"jogo esta muito melhor, realmente so falta um anti-cheater melhor.",True,1331.8666666666666,0,1780616471,esta melhor realmente falta anti cheater melhor,positivo
227195850,so tem xiter,False,37.63333333333333,0,1780616156,tem xiter,negativo
227195608,bom dms,True,49.3,0,1780615868,bom dms,positivo
227195596,"jogo fica crashando do nada, so pro cara perder pontos, e nao da pra entrar de volta enquanto a partida nao termina",False,549.65,0,1780615855,fica crashando nada pro cara perder pontos nao pra entrar volta enquanto partida nao termina,negativo
227195344,muito hacker inclusive rafael e um deles,False,143.16666666666666,0,1780615531,hacker inclusive rafael deles,negativo
227195080,Nem gosto,True,997.7833333333333,0,1780615227,nem gosto,positivo
227193480,"Entrar em uma partida competitiva no CS2 é uma experiência antropológica rica:
Comunicação padrão: O microfone alheio sempre parece um liquidificador ligado cheio de moedas.
Estratégias avançadas: O plano tático mais complexo que você vai encontrar no modo casual se resume a cinco pessoas gritando ""Rush B"" com sotaques completamente incompreensíveis.
Os fiscais do alheio: Jogadores que já morreram nos primeiros 10 segundos de round passam o resto do tempo explicando em detalhes como você deveria jogar o seu clutch.",True,1791.7833333333333,0,1780613415,entrar partida competitiva experiência antropológica rica comunicação padrão microfone alheio sempre parece liquidificador ligado cheio moedas estratégias avançadas plano tático complexo você vai encontrar modo casual resume cinco pessoas gritando rush sotaques completamente incompreensíveis fiscais alheio jogadores morreram primeiros segundos round passam resto tempo explicando detalhes como você deveria jogar seu clutch,positivo
227193439,É bom dimaisi,True,1063.0666666666666,0,1780613357,bom dimaisi,positivo
227192335,"melhor que vava
",True,79.9,0,1780612026,melhor vava,positivo
227191718,"O segredo de Counter-Strike está na simplicidade. A jogabilidade é tão direta e intuitiva que qualquer um pega o jeito rapidinho: é só entrar, mirar e jogar, sem complicações ou barreiras.
Mas a mágica de verdade acontece quando a gente junta os amigos. O jogo vira o cenário perfeito para a resenha. Entre uma estratégia combinada às pressas, a comemoração de uma vitória impossível e as risadas dos erros mais absurdos na call, o CS deixa de ser só um jogo tático e vira pretexto para criar memórias e varar a madrugada conversando.",True,339.23333333333335,0,1780611285,segredo está simplicidade jogabilidade tão direta intuitiva qualquer pega jeito rapidinho entrar mirar jogar sem complicações barreiras mas mágica verdade acontece quando gente junta amigos vira cenário perfeito resenha entre estratégia combinada pressas comemoração vitória impossível risadas erros absurdos call deixa ser tático vira pretexto criar memórias varar madrugada conversando,positivo
227191104,aaaaaaaaaaaaaaaa,True,29.3,0,1780610586,aaaaaaaaaaaaaaaa,positivo
227190337,divertido mas se tu for ruin ai e chato e estressante,True,6.716666666666667,0,1780609766,divertido mas for ruin chato estressante,positivo
227190259,"top dms
",True,30.566666666666666,0,1780609672,top dms,positivo
227190065,"Não é chato, mas você precisa treinar bastante
",True,11.9,0,1780609446,não chato mas você precisa treinar bastante,positivo
227189041,Hojé se chama cheat 2 acabou o Cs,False,93.33333333333333,0,1780608304,hojé chama cheat acabou,negativo
227186794,adoro russos q xingam bebem e postam gore,True,92.75,0,1780606079,adoro russos xingam bebem postam gore,positivo
227185907,prefiro o cs go original tudo que e free tem muinto hacker.,True,9.366666666666667,0,1780605228,prefiro original tudo free tem muinto hacker,positivo
227182938,VENDI MINHA ALMA PRA JOGAR AGORA O CAPETAA QUER ME ABUSAR,False,31.1,0,1780602547,vendi minha alma pra jogar agora capetaa quer abusar,negativo
227182234,bem dms,True,495.1166666666667,0,1780601942,bem dms,positivo
227178631,"esse jogo é muito bom, se você se dedicar vc vai gostar, dois ponto negativo é os hackers e bugs do proprio jogo mas de resto é bom, só poderia melhorar a questão do anti cheat, mas é um jogo incrivel",True,1029.8666666666666,0,1780599062,esse bom você dedicar vai gostar dois ponto negativo hackers bugs proprio mas resto bom poderia melhorar questão anti cheat mas incrivel,positivo
227176882,"Ola jogador, caso voce veio aqui saber se vale a pena comecar a jogar, nao comece, viva sua vida e escolha outro jogo, preserve sua saude mental
",True,109.25,0,1780597570,ola jogador caso voce veio aqui saber vale pena comecar jogar nao comece viva sua vida escolha outro preserve sua saude mental,positivo
227174099,Depois de quase 10 anos posso admitir que tenho uma relação de amor e ódio com essa desgraça.,True,1757.7333333333333,0,1780595490,depois quase anos posso admitir tenho relação amor ódio essa desgraça,positivo
227173391,"e gosto do jogo porem nao recomendaria para novos jogadores pois a comunidade não se importa se você esta aprendendo a jogar sendo muito toxica e desrespeitosa, eu so jogo pois tenho experiencia em jogos fps",False,28.033333333333335,2,1780594871,gosto porem nao recomendaria novos jogadores pois comunidade não importa você esta aprendendo jogar sendo toxica desrespeitosa pois tenho experiencia jogos fps,negativo
227172058,"mo bao mais so morro 10/10
",True,30.266666666666666,0,1780593720,bao morro,positivo
227171773,fodasticamente bom,True,39.5,0,1780593469,fodasticamente bom,positivo
227171335,"HACK PRA KRL MAS E BOM 
",True,69.98333333333333,0,1780593094,hack pra krl mas bom,positivo
227171218,nao tem como jogar no online so tem barbaridade la,False,21.75,0,1780593005,nao tem como jogar online tem barbaridade,negativo
227171159,jogo maravilhoso,True,9.083333333333334,0,1780592956,maravilhoso,positivo
227170467,Se esse jogo fosse uma laranja bahia seria uma laranja bahia muito boa,True,614.4833333333333,0,1780592333,esse fosse laranja bahia seria laranja bahia boa,positivo
227168941,"""VAC has flagged your gameplay as irregular"" 

7 dias.. (Sendo que não tomei nenhum ban anterior)

Banir cheater helicoptero pulante mesmo esse VAC nao bane. tnc",False,7411.883333333333,0,1780590985,vac has flagged your gameplay irregular dias sendo não tomei nenhum ban anterior banir cheater helicoptero pulante mesmo esse vac nao bane tnc,negativo
227167922,"Jogo é bom, porém tem  muito hack, anticheat não funciona!!!",True,100.25,1,1780590070,bom porém tem hack anticheat não funciona,positivo
227167658,"Na minha opinião, o Counter-Strike 2 é um jogo que parece otimizado só na teoria. Quando você olha os gráficos de FPS, muitas vezes eles são altos, mas na prática a experiência não passa a mesma sensação de fluidez que o CS:GO tinha. É comum acontecerem microtravamentos, quedas repentinas de desempenho e momentos em que o jogo simplesmente não responde da forma que deveria, principalmente durante trocas de tiro mais intensas.

Outro problema que me incomoda bastante é a quantidade de bugs. Mesmo após diversas atualizações, ainda encontro problemas visuais, falhas de movimentação e situações estranhas envolvendo registro de tiros. Em um jogo competitivo, onde cada milissegundo faz diferença, qualquer inconsistência acaba impactando diretamente a experiência do jogador.

Também sinto que o lançamento do CS2 foi apressado. A Valve substituiu completamente o CS:GO por um jogo que, para muitos jogadores, ainda parecia incompleto. Recursos, comandos e conteúdos que existiam há anos simplesmente desapareceram ou chegaram meses depois. Isso passou a sensação de que os jogadores foram usados como testadores de uma versão que ainda precisava de mais tempo de desenvolvimento.

A questão dos trapaceiros também continua sendo um dos maiores problemas. Mesmo com as promessas de melhorias no sistema anticheat, ainda é relativamente comum encontrar partidas suspeitas, o que acaba prejudicando a competitividade e desmotivando quem quer jogar de forma séria.

Não acho que o CS2 seja um jogo ruim. Pelo contrário, ele trouxe melhorias gráficas, efeitos mais modernos e uma base tecnológica mais atual. Porém, na minha experiência, ele ainda parece um jogo mais bugado do que otimizado. Muitas vezes tenho a sensação de que estou jogando uma versão que ainda precisa de muito polimento para alcançar o nível de estabilidade, consistência e refinamento que o CS:GO tinha nos seus melhores anos.

Resumindo, o CS2 tem potencial para ser excelente, mas atualmente passa a impressão de ser um jogo que priorizou a modernização visual antes de resolver problemas fundamentais de desempenho, estabilidade e experiência competitiva. Isso faz com que, para muitos jogadores, ele ainda esteja longe de ser a evolução definitiva que foi prometida.",True,1119.25,0,1780589844,minha opinião parece otimizado teoria quando você olha gráficos fps vezes eles são altos mas prática experiência não passa mesma sensação fluidez tinha comum acontecerem microtravamentos quedas repentinas desempenho momentos simplesmente não responde forma deveria principalmente durante trocas tiro intensas outro problema incomoda bastante quantidade bugs mesmo após diversas atualizações ainda encontro problemas visuais falhas movimentação situações estranhas envolvendo registro tiros competitivo onde cada milissegundo faz diferença qualquer inconsistência acaba impactando diretamente experiência jogador também sinto lançamento foi apressado valve substituiu completamente jogadores ainda parecia incompleto recursos comandos conteúdos existiam anos simplesmente desapareceram chegaram meses depois isso passou sensação jogadores foram usados como testadores versão ainda precisava tempo desenvolvimento questão trapaceiros também continua sendo maiores problemas mesmo promessas melhorias sistema anticheat ainda relativamente comum encontrar partidas suspeitas acaba prejudicando competitividade desmotivando quem quer jogar forma séria não acho seja ruim pelo contrário ele trouxe melhorias gráficas efeitos modernos base tecnológica atual porém minha experiência ele ainda parece bugado otimizado vezes tenho sensação estou jogando versão ainda precisa polimento alcançar nível estabilidade consistência refinamento tinha seus melhores anos resumindo tem potencial ser excelente mas atualmente passa impressão ser priorizou modernização visual antes resolver problemas fundamentais desempenho estabilidade experiência competitiva isso faz jogadores ele ainda esteja longe ser evolução definitiva foi prometida,positivo
227167188,"achei muito legal entrei so pra pegar as coisas e vender mas acabei gostando muito
",True,52.28333333333333,0,1780589392,achei legal entrei pra pegar coisas vender mas acabei gostando,positivo
227165920,"Homem chega em casa cansado,
Homem liga o computador,
Homem abre Counter Strike 2,
Homem inicia partida,
Partida está cheia de xiters,
Homem fica bravo e desliga o computador,

Melhorem urgente o sistema anti-cheat!",True,49.333333333333336,0,1780588344,homem chega casa cansado homem liga computador homem abre homem inicia partida partida está cheia xiters homem fica bravo desliga computador melhorem urgente sistema anti cheat,positivo
227165559,"Aprendi a falar русский e español com esse jogo!
Очень хорошая игра!
¡Me encantó muchísimo!",True,155.45,0,1780588001,aprendi falar русский español esse очень хорошая игра encantó muchísimo,positivo
227164171,"Balanciamento 5%
Hacker 85%
Diversão 10%",False,1397.4666666666667,0,1780586772,balanciamento hacker diversão,negativo
227163893,jogo de cracudo,True,28.85,0,1780586547,cracudo,positivo
227163638,"Jogo horrível, recomendo.",True,57.28333333333333,0,1780586317,horrível recomendo,positivo
227160967,jogo legal e divertido,True,476.43333333333334,0,1780584078,legal divertido,positivo
227158839,muito bom esse jogo pra goonar,True,49.63333333333333,0,1780582153,bom esse pra goonar,positivo
227156376,"Tava bom, disse que ia mudar ele pra melhor, não tava muito bom, tava meio ruim também, agora parece que piorou",True,121.31666666666666,0,1780579680,tava bom disse mudar ele pra melhor não tava bom tava meio ruim também agora parece piorou,positivo
227156294,Deu bom demais,True,895.4666666666667,0,1780579602,deu bom demais,positivo
227154192,"Jogo infestado de Hackers, não joguem",False,402.96666666666664,0,1780577351,infestado hackers não joguem,negativo
227147969,"jogo muito bom, porem muito racker , da pra melhorar bastante.",True,231.01666666666668,0,1780569474,bom porem racker pra melhorar bastante,positivo
227138895,Jogaço,True,957.7,0,1780555258,jogaço,positivo
227138087,comunidade estranha,False,31.8,0,1780553841,comunidade estranha,negativo
227137606,"anticheat muito falho, está uma piada",False,261.68333333333334,0,1780553050,anticheat falho está piada,negativo
227136604,bom ate algum te xingar pq vc erou o smolk janelao,True,43.9,0,1780551299,bom ate algum xingar erou smolk janelao,positivo
227135738,ME XINGARAM MUITO SÓ PQ EU ERA INICIANTE,False,3.25,0,1780549779,xingaram era iniciante,negativo
227134537,goxtoso,True,254.31666666666666,0,1780547732,goxtoso,positivo
227132837,"esquecido pela vac
",True,2315.7166666666667,0,1780544956,esquecido pela vac,positivo
227132745,"muito bom, não recomendo a nem maior inimigo.
",True,349.65,0,1780544836,bom não recomendo nem maior inimigo,positivo
227132496,"jogo BOSTA, mas recomendo",True,340.15,0,1780544461,bosta mas recomendo,positivo
227132333,"bem feito
comunidade lixo
",True,57.86666666666667,0,1780544244,bem feito comunidade lixo,positivo
227132155,este jogo lhe trara traumas e dependencias emocionais que jamais tera volta 10/10,True,398.06666666666666,0,1780543971,este lhe trara traumas dependencias emocionais jamais tera volta,positivo
227131915,Esse jogo vai consumir a sua sanidade mental aos poucos. Recomendo.,True,596.7333333333333,0,1780543618,esse vai consumir sua sanidade mental aos poucos recomendo,positivo
227131795,Jogo top recomendo para quem gosta de FPS,True,31.7,0,1780543407,top recomendo quem gosta fps,positivo
227131710,"BOMMMMMMMMMMMMMMMMMMMMMMMMMMMMMMMMMMMMMMMMMMMMMMMMMMMMM
",True,19.516666666666666,0,1780543271,bommmmmmmmmmmmmmmmmmmmmmmmmmmmmmmmmmmmmmmmmmmmmmmmmmmmm,positivo
227131022,melhor jogo da historia,True,1004.85,0,1780542226,melhor historia,positivo
227130872,esse jogo vai consumir sua alma,False,2438.733333333333,0,1780542013,esse vai consumir sua alma,negativo
227128866,parece que é legal mas n sei acho que n,True,1021.6333333333333,0,1780539051,parece legal mas sei acho,positivo
227128139,"top, jogo bom, entrei, gastei 20 em skin entrei em um site e perdi mais 40,",True,43.416666666666664,0,1780538019,top bom entrei gastei skin entrei site perdi,positivo
227127930,"ME TIRA A PAZ, MAS ME TRAS PAZ 0 A 0",True,3054.0333333333333,0,1780537721,tira paz mas tras paz,positivo
227127357,"Muito legal, testei meu reflexo, cérebro e raciocínio.",True,72.38333333333334,0,1780536940,legal testei meu reflexo cérebro raciocínio,positivo
227126365,MUITO XITAS NEM SEI O QUE PROGRAMAS OS CARAS USAM TEM HORA QUE DA PRA JOGAR MAS TEM HORAS QUE SO JESUS NAO VALE A PENA MELHOR AISISTR NOVELA KKKKKK,False,139.8,0,1780535481,xitas nem sei programas caras usam tem hora pra jogar mas tem horas jesus nao vale pena melhor aisistr novela kkkkkk,negativo
227126129,"gastei 118 horas nesse jogo lixo. fui xingado por todo mundo, mas é viciante pra porra. vc provavelmente vai brigar com todas as pessoas perto de vc e se tornar alguem violento, vai passar a beber, recomendo muito!",True,126.15,0,1780535142,gastei 118 horas nesse lixo fui xingado todo mundo mas viciante pra porra provavelmente vai brigar todas pessoas perto tornar alguem violento vai passar beber recomendo,positivo
227125916,"gostei do tiro
",True,77.83333333333333,0,1780534865,gostei tiro,positivo
227125276,GOSTEI DA,True,45.333333333333336,0,1780533971,gostei,positivo
227125086,"gostei top 👍👍👍👍👍👍👍👍👍👍👍👍👍👍👍👍👍👍👍👍👍👍👍👍👍👍👍👍👍👍👍👍👍👍👍👍👍👍👍👍👍👍👍👍👍👍👍👍👍👍👍👍👍👍👍👍👍👍👍👍👍👍👍👍👍👍👍👍👍👍👍👍👍👍👍👍👍👍👍👍👍👍👍👍👍👍👍👍👍👍👍👍👍👍👍👍👍👍👍👍👍👍👍👍👍👍👍👍👍👍👍👍👍👍👍👍👍👍👍👍👍👍👍👍👍👍👍👍👍👍👍👍👍👍👍👍👍👍👍👍👍👍👍👍👍👍👍👍👍👍👍👍👍👍👍👍👍👍👍👍👍👍👍👍👍👍👍👍👍👍👍👍👍👍👍👍👍👍👍👍👍👍👍👍👍👍👍👍👍👍👍👍👍👍👍👍👍👍👍👍👍👍👍👍👍👍👍👍👍👍👍👍👍👍👍👍👍👍👍👍👍👍👍👍👍👍👍👍👍👍👍👍👍👍👍👍👍👍👍👍👍👍👍👍👍👍👍👍👍👍👍👍👍👍👍👍👍👍👍👍👍👍👍👍👍👍👍👍👍👍👍👍👍👍👍👍👍👍👍👍👍👍👍👍👍👍👍👍👍👍👍👍👍👍👍👍👍👍👍👍👍👍👍👍👍👍👍👍👍👍👍👍👍👍👍👍👍👍👍👍👍👍👍👍👍👍👍👍👍👍👍👍👍👍👍👍👍👍👍👍👍👍👍👍👍👍👍👍👍👍👍👍👍👍👍👍👍👍👍👍👍👍👍👍👍👍👍👍👍👍👍👍👍👍👍👍👍👍👍👍👍👍👍👍👍👍👍👍👍👍👍👍👍👍👍👍👍👍👍👍👍👍👍👍👍👍👍👍👍👍👍👍👍👍👍👍👍👍👍👍👍👍👍👍👍👍👍👍👍👍👍👍👍👍👍👍👍👍👍👍👍👍👍👍👍👍👍👍👍👍👍👍👍👍👍👍👍👍👍👍👍👍👍👍👍👍👍👍👍👍👍👍👍👍👍👍👍👍👍👍👍👍👍👍👍👍👍👍👍👍👍👍👍👍👍👍👍👍👍👍👍👍👍👍👍👍👍👍👍👍👍👍👍👍👍👍👍👍👍👍👍👍👍👍👍👍👍👍👍👍👍👍👍👍👍👍👍👍👍👍👍👍👍👍👍👍👍👍👍👍👍👍👍👍👍👍👍👍👍👍👍👍👍👍👍👍👍👍👍👍👍👍👍👍👍👍👍👍👍👍👍👍👍👍👍👍👍👍👍👍👍👍👍👍




























",True,174.53333333333333,0,1780533717,gostei top,positivo
227124735,Excelente jogo!,True,30.233333333333334,1,1780533242,excelente,positivo
227124512,"jogo tenebroso, impossivel jogar uma partida normal sem cair com um xitado",False,498.6,0,1780532957,tenebroso impossivel jogar partida normal sem cair xitado,negativo
227124068,Cheio de xit,True,45.93333333333333,1,1780532360,cheio xit,positivo
227123140,"legal, odeio esse jogo
",True,5.2,0,1780531148,legal odeio esse,positivo
227121155,Jogo ruim da porra VSFD KKKKKKKKKKKKKKKKKKKKKKKKKKKKKKKK,True,312.06666666666666,0,1780528468,ruim porra vsfd kkkkkkkkkkkkkkkkkkkkkkkkkkkkkkkk,positivo
227120968,jogo de retardado com baixo indície de testoterona e estrogenio,False,203.08333333333334,1,1780528215,retardado baixo indície testoterona estrogenio,negativo
227120229,"Melhor jogo ne pai?
",True,8.7,0,1780527221,melhor pai,positivo
227120061,Jogo é bom demais!,True,673.55,0,1780527031,bom demais,positivo
227119692,"jogo top, quero aprender a cada vez mais",True,32.583333333333336,0,1780526567,top quero aprender cada vez,positivo
227118929,um lixo de anti cheater,False,1220.3,0,1780525701,lixo anti cheater,negativo
227117900,"jogo top dms, jogo de macho",True,72.05,0,1780524465,top dms macho,positivo
227115195,"jogo muito bom principalmente pela sua historia e legado , muito bom jogo a muito tempo ,os modos de jogo tambem, mas tem muito ♥♥♥♥♥♥, e em partidas no modo especialtem uma desrregularidade, umas ves eu cai um cara do nivel 12,331,sendo qu eu e meu time era 5,221, ajeitano isso e o jogo perfeito",True,154.71666666666667,0,1780521385,bom principalmente pela sua historia legado bom tempo modos tambem mas tem partidas modo especialtem desrregularidade umas ves cai cara nivel 331 sendo meu time era 221 ajeitano isso perfeito,positivo
227115160,o melhor jogo de FPS de todos os tempos a parte ruim é que tem muitos cheaters.,True,7951.433333333333,0,1780521338,melhor fps todos tempos parte ruim tem cheaters,positivo
227115003,"de 10 partidas 9 tem xiters
",False,840.6166666666667,0,1780521181,partidas tem xiters,negativo
227114520,jogo bom divertido mas tem muito hack,True,160.91666666666666,0,1780520670,bom divertido mas tem hack,positivo
227113943,"O jogo é bom, o ruim é a Valve e a comunidade",False,819.0166666666667,0,1780520112,bom ruim valve comunidade,negativo
227113801,so tem xitado,True,1013.9,0,1780519968,tem xitado,positivo
227112817,"jogo muito pra enfiar o monitor no toba, melhor com amigos",True,261.21666666666664,0,1780519020,pra enfiar monitor toba melhor amigos,positivo
227112158,"mt massa, mas se voce for ruim em jogos de tiro, n recomendo vc joga pois vai ser mt dificil",True,21.666666666666668,0,1780518359,massa mas voce for ruim jogos tiro recomendo joga pois vai ser dificil,positivo
227111284,jogo da muita raiva masx e bom kkkkkkkkkkk,True,95.13333333333334,0,1780517517,raiva masx bom kkkkkkkkkkk,positivo
227111188,"Jogo mt bom, ainda não confio nas minhas habilidades pra jogar online",True,4.25,0,1780517436,bom ainda não confio minhas habilidades pra jogar online,positivo
227110987,"jogo bala dms
",True,1451.45,0,1780517238,bala dms,positivo
227110949,excelente,True,3.566666666666667,0,1780517208,excelente,positivo
227109399,o maior problema desse jogo é a comunidade toxica,True,40.63333333333333,0,1780515784,maior problema desse comunidade toxica,positivo
227107124,"ABANDONADO PELOS CRIADORES, MAS UM OTIMO JOGO",True,991.6166666666667,0,1780513601,abandonado pelos criadores mas otimo,positivo
227106957,cheaters+hackers somente,False,1584.0333333333333,0,1780513427,cheaters hackers somente,negativo
227104640,"aura + ego
g
g
g
g
g
g
g
g
g
g
gg
g
g
gg
g
g
g
g
g
",True,11.15,0,1780511207,aura ego,positivo
227104278,"um jogo muito bom tanto para se esforçar tanto para passar o tempo
",True,53.61666666666667,0,1780510885,bom tanto esforçar tanto passar tempo,positivo
227103938,jogaço demais,True,433.46666666666664,0,1780510566,jogaço demais,positivo
227103302,Preciso  de mais algumas horas pra dar minha avaliação.,True,2117.1833333333334,0,1780509934,preciso algumas horas pra dar minha avaliação,positivo
227102548,"tem muito cheaters no game fora isso o jogo e perfeito
",True,24.383333333333333,0,1780509206,tem cheaters fora isso perfeito,positivo
227102436,foda apenas isso melhor jogo de fps da historia,True,82.6,0,1780509110,foda apenas isso melhor fps historia,positivo
227101996,"melhorou um pouco com o trust factor, mais mesmo assim encontra hack em partidas",True,382.51666666666665,0,1780508701,melhorou pouco trust factor mesmo assim encontra hack partidas,positivo
227101856,um dos melhores jogos da minha vida top de mais só esteja com o mental bem forte para ser humilhado por errar uma flesh,True,130.96666666666667,0,1780508542,melhores jogos minha vida top esteja mental bem forte ser humilhado errar flesh,positivo
227100946,"bom game, tirando os xiters kk",True,2221.0833333333335,0,1780507649,bom tirando xiters,positivo
227099691,jogo para vida toda.,True,48.3,0,1780506466,vida toda,positivo
227099368,depois que vc começa... nao tem como parar..,True,89.18333333333334,0,1780506151,depois começa nao tem como parar,positivo
227099023,gosteeeeeeeeeeeeeei,True,1048.4,0,1780505864,gosteeeeeeeeeeeeeei,positivo
227098790,"eles nao dao a minima para a legalidade do jogo, aceitam cheaters facilmente, desde que eles gastem dinheiro no jogo. Quando o dinheiro é mais valorizado que a integridade dos bons jogadores, nao é um jogo recomendado na minha opiniao",False,2546.866666666667,0,1780505632,eles nao dao minima legalidade aceitam cheaters facilmente desde eles gastem dinheiro quando dinheiro valorizado integridade bons jogadores nao recomendado minha opiniao,negativo
227096670,"Se remover os Cheaters, fica perfeito.",True,523.5166666666667,0,1780503782,remover cheaters fica perfeito,positivo
227094549,jogo muito para de divertir,True,84.8,0,1780501863,divertir,positivo
227093668,fpszada,True,130.0,1,1780501029,fpszada,positivo
227091780,"Jogo muito bom, a valve largo a segurança dos player contra cheaters.",False,2566.55,2,1780499293,bom valve largo segurança player contra cheaters,negativo
227091779,"O jogo é bom, mas a Valve parece que largou, os Cheaters dominam o cenário sem punição, quer se divertir vá para a Faceit, lá as balas costumam ser legit!",False,1061.5,1,1780499293,bom mas valve parece largou cheaters dominam cenário sem punição quer divertir faceit balas costumam ser legit,negativo
227090873,top de linha,True,37.71666666666667,3,1780498534,top linha,positivo
227089793,Muito stress recomendo,True,70.75,0,1780497533,stress recomendo,positivo
227088339,"o melhor jogo, não tem como",True,1011.55,0,1780496087,melhor não tem como,positivo
227087720,"TIRANDO OS XITERS, É UM ÓTIMO GAME",True,2948.133333333333,0,1780495460,tirando xiters ótimo,positivo
227085278,puta que pariu mano tem mais xitado doque cracudo no rio de janeiro,True,92.26666666666667,0,1780493017,puta pariu mano tem xitado doque cracudo rio janeiro,positivo
227084666,"muitos xiters, dificil hj, antichit nao funciona",True,244.33333333333334,0,1780492356,xiters dificil antichit nao funciona,positivo
227083579,muito hack pouca bala,True,307.96666666666664,0,1780491244,hack pouca bala,positivo
227082572,"Acho inadimissivel um jogo de tiro que voce so pode mirar em arma que tem Scope

Rainbow Six Siege >>>>>>>>>>>>",False,75.85,0,1780490058,acho inadimissivel tiro voce pode mirar arma tem scope rainbow six siege,negativo
227075849,o jogo que me deixa feliz.,True,131.38333333333333,1,1780480912,deixa feliz,positivo
227070930,"ciclo vicioso, entra> fica puto> kita> ve algum video sobre> volta> e lembra do motivo de ter kitado",True,94.33333333333333,0,1780473177,ciclo vicioso entra fica puto kita algum video sobre volta lembra motivo ter kitado,positivo
227066274,o melhor jogo de fps ja criado... porem a valve poderia atualizar o anticheat todos os dias,True,1467.7,0,1780465459,melhor fps criado porem valve poderia atualizar anticheat todos dias,positivo
227065600,sensasional,True,117.66666666666667,0,1780464300,sensasional,positivo
227065239,"Jogo desde o CS:GO mas na minha opnião a valve poderia remover esses cheaters Lixos que andam circulando pela GC igual gente normal, acho totalmente desrespeitoso!",True,139.01666666666668,0,1780463727,desde mas minha opnião valve poderia remover esses cheaters lixos andam circulando pela igual gente normal acho totalmente desrespeitoso,positivo
227064951,"jogo patetico, os tiro nao pega e so tem xiter",False,1094.9333333333334,0,1780463251,patetico tiro nao pega tem xiter,negativo
227064389,"todos os dias me pergunto pq jogo esse lixo de jogo passo horas perdendo meu tempo nesse lixo nota para o jogo 10/10
",True,651.5333333333333,0,1780462315,todos dias pergunto esse lixo passo horas perdendo meu tempo nesse lixo nota,positivo
227062448,"jogo bom, mas  infestado de xiter",True,1671.0833333333333,0,1780459087,bom mas infestado xiter,positivo
227061605,JOGO BOM DE FPS RODA EN TUDO DE PC,True,17.033333333333335,0,1780457789,bom fps roda tudo,positivo
227061524,SO TEM HACKER ESSE JOGO,False,72.95,0,1780457664,tem hacker esse,negativo
227060830,"Otimo game, apesar de eu preferir o bf3/bf4.",True,1055.0,0,1780456710,otimo apesar preferir bf3 bf4,positivo
227060581,"Jogo muito top, já joguei muitos jogos mais hoje atualmente estou jogando somente esse cs2",True,197.68333333333334,0,1780456296,top joguei jogos hoje atualmente estou jogando somente esse,positivo
227060576,"E UM BOM JOGO PARA UM POBRE CLT Q CHEGA DO TRABALHO CANÇADO
10/10",True,146.96666666666667,0,1780456292,bom pobre clt chega trabalho cançado,positivo
227060222,jogo cheio de xiter,False,1072.2,0,1780455811,cheio xiter,negativo
227059973,"Recomendo porque é horrendo, Mas sempre gera boas resenhas.",True,2156.0666666666666,0,1780455433,recomendo porque horrendo mas sempre gera boas resenhas,positivo
227059795,"Jogo estressante demais, nos ranks mais baixos você cai com o pior tipo de ser humano que há na sociedade.",True,438.3833333333333,1,1780455167,estressante demais ranks baixos você cai pior tipo ser humano sociedade,positivo
227059189,Infestado de boludo,True,295.76666666666665,0,1780454287,infestado boludo,positivo
227059007,"Great game, ruined by cheaters.",True,164.15,0,1780454005,great ruined cheaters,positivo
227058692,"jogo muito bom, vendi minha casa pra comprar skins e depois vendi as skins e hoje nao tenho mais nada só meu pc da xuxa",True,1517.9666666666667,0,1780453570,bom vendi minha casa pra comprar skins depois vendi skins hoje nao tenho nada meu xuxa,positivo
227058538,jogavel,True,237.33333333333334,0,1780453373,jogavel,positivo
227057236,cheio de cheaters e parece que a valve não se importa com isso se tiver amigos pra jogar compensa,False,4150.433333333333,0,1780451626,cheio cheaters parece valve não importa isso tiver amigos pra jogar compensa,negativo
227057144,"so recomendo quem vai comprar a primier,pq so tem xiter
",True,88.5,0,1780451489,recomendo quem vai comprar primier tem xiter,positivo
227057054,Melhor que valorant,True,12.383333333333333,0,1780451375,melhor valorant,positivo
227056916,muita dinamica,True,1512.2166666666667,0,1780451211,dinamica,positivo
227056915,jogo ruim da porra,True,471.65,0,1780451211,ruim porra,positivo
227056681,apenas recomendo,True,1337.6,0,1780450864,apenas recomendo,positivo
227056503,o jogo e bom pra quem gosta de aprender a morrer,True,40.516666666666666,0,1780450593,bom pra quem gosta aprender morrer,positivo
227056428,Volta cobblestone...,True,486.5,0,1780450485,volta cobblestone,positivo
227055086,"Gráficos: 9/10 
Jogabilidade: 10/10 (Me sinto um profissional até errar o primeiro tiro).
Comunidade: 10/10 boludos te ofende antes mesmo que comece a partida e um cara com o microfone estourado tocando música no talo 
Lobby.Anticheat: Funciona muito bem, o cara do outro lado só tem uma cadeira gamer muito boa que permite ele atirar através das paredes enquanto gira.
Recomendo. Já tenho 1200 horas e pretendo passar mais 1200 passando raiva.",True,1282.0,0,1780448602,gráficos jogabilidade sinto profissional até errar primeiro tiro comunidade boludos ofende antes mesmo comece partida cara microfone estourado tocando música talo lobby anticheat funciona bem cara outro lado tem cadeira gamer boa permite ele atirar através paredes enquanto gira recomendo tenho 1200 horas pretendo passar 1200 passando raiva,positivo
227054681,"Talvez um dos melhores FPS de todos os tempos, um jogo que transcende décadas e gerações.",True,122.58333333333333,1,1780448077,talvez melhores fps todos tempos transcende décadas gerações,positivo
227054369,Mesmo não sendo meu tipo de jogo eu consigo entender porque gostam tanto kkkkk,True,11.85,0,1780447680,mesmo não sendo meu tipo consigo entender porque gostam tanto kkkkk,positivo
227054195,Jogo bom para passar raiva,True,1097.2333333333333,0,1780447436,bom passar raiva,positivo
227053786,"mt bom, tu é doido",True,45.96666666666667,0,1780446832,bom doido,positivo
227053212,"Divertidinho
",True,18.833333333333332,0,1780446072,divertidinho,positivo
227052809,"Este jogo mostra um pouco da realidade nas cidades portuarias.
Os mapas frequentemente apresentam áreas industriais, armazéns, contêineres, guindastes e zonas de carga, elementos comuns em portos ao redor do mundo. Além disso, a presença de rotas estreitas, regiões de intenso fluxo de mercadorias e a mistura entre áreas comerciais e industriais pode transmitir uma sensação semelhante à dinâmica dessas cidades.

Outro ponto é que cidades portuárias historicamente funcionam como locais de encontro entre diferentes culturas, atividades econômicas e interesses diversos. Em uma interpretação ficcional, os conflitos mostrados no jogo poderiam simbolizar as tensões que surgem em regiões estratégicas para o comércio internacional. Dessa forma, mesmo sem retratar a realidade de forma precisa, o cenário acaba evocando aspectos visuais e sociais que muitas pessoas associam aos grandes portos.

Portanto, a semelhança não estaria nos acontecimentos do jogo, mas nos elementos arquitetônicos, logísticos e econômicos utilizados na construção dos mapas, que lembram ambientes encontrados em várias cidades portuárias do mundo.",True,200.03333333333333,1,1780445481,este mostra pouco realidade cidades portuarias mapas frequentemente apresentam áreas industriais armazéns contêineres guindastes zonas carga elementos comuns portos redor mundo além disso presença rotas estreitas regiões intenso fluxo mercadorias mistura entre áreas comerciais industriais pode transmitir sensação semelhante dinâmica dessas cidades outro ponto cidades portuárias historicamente funcionam como locais encontro entre diferentes culturas atividades econômicas interesses diversos interpretação ficcional conflitos mostrados poderiam simbolizar tensões surgem regiões estratégicas comércio internacional dessa forma mesmo sem retratar realidade forma precisa cenário acaba evocando aspectos visuais sociais pessoas associam aos grandes portos portanto semelhança não estaria acontecimentos mas elementos arquitetônicos logísticos econômicos utilizados construção mapas lembram ambientes encontrados várias cidades portuárias mundo,positivo
227052243,bom demais,True,41.43333333333333,0,1780444650,bom demais,positivo
227052149,o jogo e bom e com ecelentes graficos.,True,6.6,0,1780444537,bom ecelentes graficos,positivo
227051947,"aqui é tiro, porrada e bomba! simplesmente fantástico",True,128.81666666666666,0,1780444277,aqui tiro porrada bomba simplesmente fantástico,positivo
227051021,jogo de fps top,True,598.3,0,1780443211,fps top,positivo
227050398,Valve é um lixo,False,1115.4,0,1780442400,valve lixo,negativo
227049305,muito bom esse jogo completamente perfeito,True,9.2,0,1780441042,bom esse completamente perfeito,positivo
227049030,e muito bom e animado,True,58.93333333333333,0,1780440694,bom animado,positivo
227047355,gostei,True,84.15,0,1780438831,gostei,positivo
227047344,kkkk recomendo nenhum jogo online,False,5.066666666666666,0,1780438817,kkkk recomendo nenhum online,negativo
227046898,"O jogo acaba com sua sanidade e saúde mental. Tem xitado pra caramba, você é frequentemente esculhambado por tudo e todos, te xingam, fazem votação pra te banir, tem velho te xingando como se não fosse um pai de 3 filhos jogando CS ao invés de ir atrás do pão de cada dia, tem criança que parece que veio treinada direto do RJ de tanta bala que você toma e ela te humilha. Dito isso, recomendo.",True,75.43333333333334,0,1780438319,acaba sua sanidade saúde mental tem xitado pra caramba você frequentemente esculhambado tudo todos xingam fazem votação pra banir tem velho xingando como não fosse pai filhos jogando invés atrás pão cada dia tem criança parece veio treinada direto tanta bala você toma ela humilha dito isso recomendo,positivo
227046748,"fica longe desse jogo pelo bem da sua saude mental, so entre nele se voce nao sente mais nada  e asua vida ja perdeu a graça e proposito",False,50.333333333333336,0,1780438202,fica longe desse pelo bem sua saude mental entre nele voce nao sente nada asua vida perdeu graça proposito,negativo
227045801,pior que usar droga e tomar café,True,14.633333333333333,0,1780436970,pior usar droga tomar café,positivo
227045028,vicia mais que crack,True,81.91666666666667,0,1780436105,vicia crack,positivo
227044987,"só tem cheater, pessoas toxicas, jogo lagado, servidores ruins, se eu mato muitos sou hack, se eu morro muito sou péssimo!",False,64.18333333333334,0,1780436062,tem cheater pessoas toxicas lagado servidores ruins mato sou hack morro sou péssimo,negativo
227044410,"Muito legal o jogo recomendo bastante mas se for para aprimorar a conta para mim não recomendo pois continua tendo muito cheater
",True,110.93333333333334,0,1780435482,legal recomendo bastante mas for aprimorar conta mim não recomendo pois continua tendo cheater,positivo
227043880,"o mais melhor de bom
",True,1800.8833333333334,0,1780434906,melhor bom,positivo
227041907,slk deu ate vontade de bater uma depois de jogar,True,45.166666666666664,0,1780432910,slk deu ate vontade bater depois jogar,positivo
227041769,O CS2 é MUITO inferior ao CS GO,False,467.0833333333333,0,1780432792,inferior,negativo
227040035,"jogo bom , porem mt hack",True,989.3833333333333,0,1780431243,bom porem hack,positivo
227039146,"Jogo tá quebrado com tanto cheater, injogável 90% das partidas.",False,162.9,0,1780430442,quebrado tanto cheater injogável partidas,negativo
227035261,atirar morrer atirar,True,344.96666666666664,0,1780427136,atirar morrer atirar,positivo
227031583,Esse é o jogo ideal pra você que chegou do trabalho cansado e só quer se divertir,True,209.56666666666666,0,1780423960,esse ideal pra você chegou trabalho cansado quer divertir,positivo
227029555,jogo bem realista e divertidoooooooooooooooooooooo,True,39.43333333333333,0,1780422259,bem realista divertidoooooooooooooooooooooo,positivo
227028899,vou ficar um tempo sem jogar ate a valve criar vergonha e ativar essa porcaria de anti-cheat essa bosta de jogo maldito so e recomendado pra quem ja vai vir na intenção de usar hack ja so tem isso,False,633.6333333333333,0,1780421681,vou ficar tempo sem jogar ate valve criar vergonha ativar essa porcaria anti cheat essa bosta maldito recomendado pra quem vai vir intenção usar hack tem isso,negativo
227028332,e muito e ruim esse jogo,False,215.2,0,1780421169,ruim esse,negativo
227027910,hvh dead game,False,204.1,0,1780420757,hvh dead,negativo
227027486,"Counter-Strike 2 é um dos melhores jogos de tiro competitivo da atualidade e merece uma avaliação 10/10. O jogo consegue manter a essência clássica da franquia enquanto traz melhorias gráficas, mecânicas mais modernas e uma experiência mais fluida para os jogadores.

Os gráficos foram significativamente aprimorados, tornando os mapas mais detalhados e visualmente impressionantes sem comprometer a jogabilidade competitiva. A nova tecnologia utilizada no jogo proporciona partidas mais responsivas e uma sensação de controle muito maior durante os confrontos.

A jogabilidade continua sendo o ponto mais forte do CS2. O sistema de tiro recompensa habilidade, treinamento e estratégia, fazendo com que cada vitória seja resultado do esforço e da dedicação do jogador. Além disso, o equilíbrio entre as armas permite que diferentes estilos de jogo sejam utilizados com eficiência.

Outro destaque é o trabalho em equipe. O jogo incentiva a comunicação, a cooperação e a elaboração de estratégias, tornando cada partida única e desafiadora. Mesmo após centenas de horas, ainda é possível aprender novas táticas e aprimorar habilidades.

A comunidade competitiva permanece extremamente ativa, oferecendo oportunidades para jogadores casuais e profissionais. Os modos de jogo são variados, os servidores possuem boa estabilidade e as atualizações frequentes ajudam a manter a experiência sempre renovada.

A trilha sonora, os efeitos sonoros e o design dos mapas contribuem para uma imersão completa. Cada detalhe foi pensado para criar uma experiência competitiva intensa e recompensadora.

Em resumo, Counter-Strike 2 consegue unir tradição e inovação de forma excepcional. É um jogo que exige habilidade, inteligência e dedicação, oferecendo uma das experiências competitivas mais completas disponíveis atualmente.

Nota Final: 10/10

Counter-Strike 2 é uma evolução digna da franquia e uma referência entre os jogos de tiro em primeira pessoa.",True,1850.55,0,1780420367,melhores jogos tiro competitivo atualidade merece avaliação consegue manter essência clássica franquia enquanto traz melhorias gráficas mecânicas modernas experiência fluida jogadores gráficos foram significativamente aprimorados tornando mapas detalhados visualmente impressionantes sem comprometer jogabilidade competitiva nova tecnologia utilizada proporciona partidas responsivas sensação controle maior durante confrontos jogabilidade continua sendo ponto forte sistema tiro recompensa habilidade treinamento estratégia fazendo cada vitória seja resultado esforço dedicação jogador além disso equilíbrio entre armas permite diferentes estilos sejam utilizados eficiência outro destaque trabalho equipe incentiva comunicação cooperação elaboração estratégias tornando cada partida única desafiadora mesmo após centenas horas ainda possível aprender novas táticas aprimorar habilidades comunidade competitiva permanece extremamente ativa oferecendo oportunidades jogadores casuais profissionais modos são variados servidores possuem boa estabilidade atualizações frequentes ajudam manter experiência sempre renovada trilha sonora efeitos sonoros design mapas contribuem imersão completa cada detalhe foi pensado criar experiência competitiva intensa recompensadora resumo consegue unir tradição inovação forma excepcional exige habilidade inteligência dedicação oferecendo experiências competitivas completas disponíveis atualmente nota final evolução digna franquia referência entre jogos tiro primeira pessoa,positivo
227027238,"bom, mas estressa as vezes KKKKKKKKKKK",True,127.48333333333333,0,1780420132,bom mas estressa vezes kkkkkkkkkkk,positivo
227025594,esse jogo é um lixo :),True,3474.9,0,1780418651,esse lixo,positivo
227023641,"Você vai jogar 50 partidas
40 contra xiters
5 alguem vai kitar e seu time vai ficar com menos 1 no mínimo
4 contra mais xiters
1 partida correta que tu ainda vai perder
Recomendo blood strike",False,571.4166666666666,0,1780416914,você vai jogar partidas contra xiters alguem vai kitar seu time vai ficar menos mínimo contra xiters partida correta ainda vai perder recomendo blood,negativo
227023425,OI SOU CHINA PERDOE PORTUGUES VIM ESTUDAR NA PUC SP MODA BRAZIL E MORO EM CASA DO MEU TIO VENDE PASTEL SOU GAY E ISSO MUITO DIFICULDADE PARA MIM. SOU RELIGIOSO FAMIALIA RELIGIOSA RESTRITA EU NUNCA ME COMPORTO GAY COM OUTRO HOMEN ANTES. MAS BRAZIL POR 6 MESES E EU TENHO AMIGO E ELE GAY TAMBÉM. ELE ME ENSIONOU MODA BRAZIL E ENTAO BEIJAMOS. NOS SEXO JUNTO. EU NUNCA CONTEI MINHA MAE SOU GAY PORQUE CHINA CONSERVADORA GAY VIOLENCIA RUA PORRADA BEIJING ENQUANTO SEXO GAROTO BRAZIL E MUITO BOM ME SINTO BEM MAS SINTO EXTREMAMENTE CULPADO CONSCIENCIA ENQUANTO ALCANCO CLIMAX ORGASMO MUITO CULPADO QUE PEGO TELEFONE E DISCO MAE CHINA. MAE ACORDA 5 HORAS MANHA HORARIO ASSUSTADA. E CHORANDO 'EU SEXO GARATO BRAZIL' MAE 'O QUE' ' EU ' SEXO GAROTO BRAZIL ' FILHO VOCE NAO VAI CASAR GAROTO BRAZIL' 'NAO MAE. EU SEXO GAROTO BRAZIL NO MEU BURACO ANEL!' E MAE MUITO BRAVA EU DESLIGO O TELEFONE E MUITO VERGONHO E MEU AMIGO TAMBEM VERGONHO. ME STINDO ESTUPIDO. EU PENSO PORQUE SOU GAY POR QUE ATRACAO HOMEM MAS CONTINUO POR QUE SINTO BEM SEXO BUNDA  BRAZIL.,True,1442.95,0,1780416731,sou china perdoe portugues vim estudar puc moda brazil moro casa meu tio vende pastel sou gay isso dificuldade mim sou religioso famialia religiosa restrita nunca comporto gay outro homen antes mas brazil meses tenho amigo ele gay também ele ensionou moda brazil entao beijamos sexo junto nunca contei minha mae sou gay porque china conservadora gay violencia rua porrada beijing enquanto sexo garoto brazil bom sinto bem mas sinto extremamente culpado consciencia enquanto alcanco climax orgasmo culpado pego telefone disco mae china mae acorda horas manha horario assustada chorando sexo garato brazil mae sexo garoto brazil filho voce nao vai casar garoto brazil nao mae sexo garoto brazil meu buraco anel mae brava desligo telefone vergonho meu amigo tambem vergonho stindo estupido penso porque sou gay atracao homem mas continuo sinto bem sexo bunda brazil,positivo
227020231,"esse e o melhor jogo que ja joguei
",True,1406.8333333333333,0,1780413834,esse melhor joguei,positivo
227019491,"O jogo está muito bom! Até agora não tive problemas com bugs e nem com otimização. No quesito xiters, a situação atual está muito melhor do que a do ano passado, hoje não é preciso o xiter sair pulando e girando para ser banido, diferente do ano passado, que nem girando cancelava a partida. O jogo está massa demais!",True,104.25,0,1780413167,está bom até agora não tive problemas bugs nem otimização quesito xiters situação atual está melhor ano passado hoje não preciso xiter sair pulando girando ser banido diferente ano passado nem girando cancelava partida está massa demais,positivo
227019091,Jogasso,True,66.53333333333333,1,1780412798,jogasso,positivo
227016901,passo raiva mais e bom,True,115.88333333333334,0,1780410689,passo raiva bom,positivo
227011180,o jogo e bom demais no começo vc acha que não serve pro jogo mas depois quando vc pega  o jeito de joga ou faz sua primeira kill vc ve que não e tão dificil bom demais super recomendo,True,47.45,0,1780404606,bom demais começo acha não serve pro mas depois quando pega jeito joga faz sua primeira kill não tão dificil bom demais super recomendo,positivo
227010987,Muito bom para quem gosta de jogos de ação!,True,17.35,0,1780404381,bom quem gosta jogos ação,positivo
227009950,recomendo so tem q toma cuidado com os caba de 1k de hora,True,104.45,1,1780403115,recomendo tem toma cuidado caba hora,positivo
227008895,vc aprende a xingar em outro idioma em duas partidas,True,56.81666666666667,0,1780401804,aprende xingar outro idioma duas partidas,positivo
227008856,melhor game que tem slk,True,239.06666666666666,0,1780401752,melhor tem slk,positivo
227008680,Um ótimo game pra distrair a cabeça após longas horas trabalhando.,True,1585.4333333333334,0,1780401533,ótimo pra distrair cabeça após longas horas trabalhando,positivo
226996492,Na esperança que um dia pagar pelo Prime realmente nos livre de hackers!!,True,551.4666666666667,3,1780382585,esperança dia pagar pelo prime realmente livre hackers,positivo
226993282,"CS:GO / CS2
Não tem o que falar né pai kkkk",True,278.65,1,1780376940,não tem falar pai kkkk,positivo
226991108,"Não baixe, só tem hacker! Jogo lixo e anticheat horrível",False,68.95,1,1780373253,não baixe tem hacker lixo anticheat horrível,negativo
226990402,Excelente,True,106.76666666666667,1,1780372157,excelente,positivo
226988420,CHEI DE HACK MAIS BOM SKSK,True,181.4,1,1780369144,chei hack bom sksk,positivo
226986928,"Sem a placa de video o jogo nem abria direito, agr que eu comprei pude passar raiva no cs em paz... 
Um otimo jogo pena que tem muito xts",True,8.5,1,1780366995,sem placa video nem abria direito agr comprei pude passar raiva paz otimo pena tem xts,positivo
226986914,bom dms,True,134.38333333333333,0,1780366976,bom dms,positivo
226986870,to de pau mole...,True,72.81666666666666,0,1780366932,pau mole,positivo
226986766,Jogo bom pra crlh,True,21.45,0,1780366803,bom pra crlh,positivo
226986434,mercado ativo,True,55.88333333333333,1,1780366378,mercado ativo,positivo
226985941,"a valve é uma empresa de merda que n faz nada pra acabar com os hackers nesse jogo
",False,283.5833333333333,1,1780365655,valve empresa merda faz nada pra acabar hackers nesse,negativo
226985309,JOGO BEM BOM SO QUE TILTANTE,True,121.71666666666667,0,1780364792,bem bom tiltante,positivo
226982886,SÒ CHEATER,True,318.76666666666665,0,1780361528,cheater,positivo
226982364,Cs é muito bom. Dispensa comentários.,True,6.0,0,1780360806,bom dispensa comentários,positivo
226982184,cheio de hack jogo abandonado,False,1737.25,0,1780360621,cheio hack abandonado,negativo
226981233,"CS2 continua sendo um dos melhores FPS competitivos da Steam, com uma gameplay viciante e um cenário competitivo muito forte.

Mas a Valve precisa melhorar o anti-cheat. Atualmente ainda é comum encontrar hackers até em partidas com Trust Factor alto, o que acaba prejudicando bastante a experiência de quem joga de forma legítima.

Fora isso, o jogo continua muito divertido e vale a pena jogar.",True,160.15,0,1780359455,continua sendo melhores fps competitivos steam gameplay viciante cenário competitivo forte mas valve precisa melhorar anti cheat atualmente ainda comum encontrar hackers até partidas trust factor alto acaba prejudicando bastante experiência quem joga forma legítima fora isso continua divertido vale pena jogar,positivo
226981014,"um dos melhores
",True,56.5,0,1780359207,melhores,positivo
226980344,"[h1]VALVE SUCK MY BALLS[/h1]
jogo de filho de uma (bela) de uma meretriz, o interesse da VALVE com esse jogo é transformar skins em isca para trouxas, se vc joga esse jogo você é um viciado assim como eu, mas se vc nunca jogou e pretende começar, saiba que, em algum momento no futuro você sentirá raiva com as seguintes coisas: Xiter na partida, skins (feias ) com o preço compatível a uma compra do mês em supermercado, trolls em partidas importantes, entre outros...",True,2431.116666666667,0,1780358374,valve suck balls filho bela meretriz interesse valve esse transformar skins isca trouxas joga esse você viciado assim como mas nunca jogou pretende começar saiba algum momento futuro você sentirá raiva seguintes coisas xiter partida skins feias preço compatível compra mês supermercado trolls partidas importantes entre outros,positivo
226979662,jogo dificil porem muito divertido! to gostando demais de jogar,True,150.9,0,1780357473,dificil porem divertido gostando demais jogar,positivo
226979600,"muito bom so tem mt cheat
",True,72.63333333333334,0,1780357399,bom tem cheat,positivo
226979043,"jogo com demais, e depois que comprei o prime melhorou dmssss",True,43.11666666666667,0,1780356714,demais depois comprei prime melhorou dmssss,positivo
226978130,olha kk muito capas que eu dei viu mais tambem tomei muitos olha de vdd eu recomendo muuuuito pra ter ideia eu nem gostava de jogo de tiro agora eu amo cs2 em especifico to tentando completa minha primeira mil hora,True,113.33333333333333,0,1780355568,olha capas dei viu tambem tomei olha vdd recomendo muuuuito pra ter ideia nem gostava tiro agora amo especifico tentando completa minha primeira mil hora,positivo
226977482,"CHICO PRIKITO ACHOU ESSE JOGO MUITO TOP
",True,15.75,0,1780354784,chico prikito achou esse top,positivo
226977200,"Vou recomendar, mas chega uma hora que fica difícil defender. Tem partida que você sai na dúvida se encontrou um jogador muito bom ou alguém que já sabia tudo o que ia acontecer antes da rodada começar.",True,1198.65,0,1780354456,vou recomendar mas chega hora fica difícil defender tem partida você sai dúvida encontrou jogador bom alguém sabia tudo acontecer antes rodada começar,positivo
226976529,TIRANDO OS ARGENTINOS E OS BAYTERS É UM BOM JOGO...,True,547.6,0,1780353696,tirando argentinos bayters bom,positivo
226976334,Legal e divertido!,True,164.1,0,1780353491,legal divertido,positivo
226975256,THYUGTYUGTYUGTYUGTYGUTYGU,True,124.28333333333333,1,1780352270,thyugtyugtyugtyugtygutygu,positivo
226975228,muito melhor que valorant,True,243.13333333333333,0,1780352242,melhor valorant,positivo
226974602,"Não recomendo nem para meu pior inimigo, jogo de doente, não chega a ser um lol da vida, mas dá pra sentir o mesmo veneninho! Fique fora disso e seja feliz! Diga não a cs2 e sim às dorgas! É isso crianças.",True,19.033333333333335,0,1780351547,não recomendo nem meu pior inimigo doente não chega ser lol vida mas pra sentir mesmo veneninho fique fora disso seja feliz diga não sim dorgas isso crianças,positivo
226973872,"por mais que tenha cheater, bug, smurf, gente tóxica, gente racista, é um jogo legal",True,16.033333333333335,0,1780350754,tenha cheater bug smurf gente tóxica gente racista legal,positivo
226973444,"quero reembolso
",True,8.95,0,1780350322,quero reembolso,positivo
226971836,"incrivel vc joga por 2 horas e e chingado por uma raça inferior a sua no caso os argentinos e bolivianos e ainda aprede uma lingua nova deveras intereçante super recomento este jogo incrivel 
",True,4.45,0,1780348655,incrivel joga horas chingado raça inferior sua caso argentinos bolivianos ainda aprede lingua nova deveras intereçante super recomento este incrivel,positivo
226971213,"jogo só da xp se pagar o prime. entendo que seja uma carta na manga anti-cheat. porém poderiam colocar um aviso ou algo do tipo, joguei por 90 horas e n ganhei 1xp. decepcionante, estou desinstalando o jogo por essa falta de carater dos mesmos",False,115.73333333333333,0,1780348059,pagar prime entendo seja carta manga anti cheat porém poderiam colocar aviso algo tipo joguei horas ganhei 1xp decepcionante estou desinstalando essa falta carater mesmos,negativo
226970849,volvo pls fix ur game,True,65.93333333333334,0,1780347705,volvo pls fix,positivo
226969280,"lixo, tem que gostar de muita m3rda para gostar disto lol",False,34.81666666666667,0,1780346166,lixo tem gostar m3rda gostar disto lol,negativo
226965239,"Russian duolingo, i liked it )",True,50.483333333333334,0,1780342546,russian duolingo liked,positivo
226964586,"muito cheat, e a valve não faz nada, jogo de besta",False,50.46666666666667,0,1780341983,cheat valve não faz nada besta,negativo
226963070,"Perfeito, so que tem muitos hackers né",True,12.433333333333334,0,1780340830,perfeito tem hackers,positivo
226962036,"muito bom, porem tem muito xit",True,191.65,1,1780340055,bom porem tem xit,positivo
226961331,Melhor q tem!,True,155.5,0,1780339454,melhor tem,positivo
226959935,jogo ruim... cheio de xiter! melhorem! a Riot games sim sabe fazer um jogo bom e sem xiters!.... deveriam aprender com eles..... nojo desse CS2!,False,162.76666666666668,0,1780338291,ruim cheio xiter melhorem riot games sim sabe fazer bom sem xiters deveriam aprender eles nojo desse,negativo
226958651,"Talvez eu mude de ideia, mas esse jogo é uns dos jogos que você tem que entrar todo dia pra não perder sua habilidade nele, além de você ter que treinar muito até ficar bom e ter uma partida decente, então eu recomendo jogar se você gosta de um jogo competitivo e  pra zoar com os amigos",True,75.3,0,1780337069,talvez mude ideia mas esse uns jogos você tem entrar todo dia pra não perder sua habilidade nele além você ter treinar até ficar bom ter partida decente então recomendo jogar você gosta competitivo pra zoar amigos,positivo
226957965,é bom pow pow tiro,True,19.033333333333335,0,1780336443,bom pow pow tiro,positivo
226957498,"o jogo é bom, mas eu sou ruim",True,7.3,0,1780335983,bom mas sou ruim,positivo
