review_id,texto,recomendado,horas_jogadas,votos_uteis,data_criacao
228736263,QUER X-TUDO? QUER X-BACON?,True,157.4,0,1782327392
228735517,Nao joga nada.,True,496.45,0,1782326712
228734454,Voltei a jogar depois de 6 a 7 anos porem o jogo ainda tem muito cheater que foi o motivo por eu ter parado então isso e triste,True,170.08333333333334,0,1782325750
228734147,mt bom a unica reclamação e sobre o ping q as vezes laga mt,True,85.16666666666667,0,1782325480
228733975,DELICIA,True,64.06666666666666,0,1782325321
228733640,"Faz passar raiva, mas não da pra negar que é bom",True,3050.116666666667,0,1782324985
228732673,tem muito viciado,True,4.7,0,1782324103
228732635,"jogo muito legal, o problema e a votaçao para expulsar jogadores, pois se eu ficar trolando a partida para resenhax67 com meus amigos, expulsam a gente",True,48.63333333333333,0,1782324062
228731721,top,True,302.75,0,1782323173
228731253,O jogo que mais marcou minha história. Desde os anos de LAN House até o uso em meu próprio computador. O Unico que nunca enjoei...,True,1294.3666666666666,0,1782322747
228729349,amo,True,561.35,0,1782321029
228729329,"Empresa bilionária  e não conseguem resolver o problema com xiters. Além de que o chat e o voic é terra sem lei, podem praticar racismo, insultos, ofensas e nada acontece. PESSÍMO!",False,101.28333333333333,0,1782321003
228729147,o jogo chei de hacker mano,True,948.25,0,1782320849
228728840,"a mecanica é legal, mas tem bastante cheeters",True,4.183333333333334,0,1782320562
228728792,melhor fps de todos os tempos!,True,39.95,0,1782320519
228728525,"Curto CS desde sempre, mas infelizmente players também estragam as partidas",True,186.15,0,1782320291
228728038,bom pra quem quer se estressar,True,23.6,0,1782319851
228727564,"Jogo counter-strike no 1.6, joguei brevemente o source, não joguei o GO.
Embora o jogo seja divertido, pois mantém a fórmula de sucesso dos antecessores, a comunidade brasileira (que é onde jogo) é extremamente tóxica. Além de ter muitos hacks, pessoas comuns que querem só se divertir são acusadas de usar hack ao fazer uma jogada boa ou dar uma sorte em algum combate (isso acontece com frequência), sem falar da enorme presença de racistas que irão te chamar das mais diversas coisas que o ditador do bigodinho ficaria orgulhoso. 
Então fica aí uma recomendação mista: se puder jogar só com amigos ou em grupos menores onde não estará exposto a comunidade, é ótimo. Porém se for jogar solo, é bom se preparar para possíveis estresses.",False,75.18333333333334,0,1782319379
228726502,Excelente,True,45.333333333333336,0,1782318444
228726296,recomendo,True,29.85,0,1782318256
228725757,jogo bom pena que para quem esta começando agora nao ira poder se destacar no jogo,True,44.61666666666667,0,1782317770
228725092,daora,True,1779.1166666666666,0,1782317138
228724596,apenas n jogue,True,35.56666666666667,0,1782316713
228723980,"Jogo possui muitos cheaters, e parece que o desenvolvedor faz pouco caso em relação a isso.
Fora que não chegam otimizações para PCs mais fracos.",False,4338.166666666667,0,1782316177
228723597,"jogo mais top que tem, so precisa melhorar em questao de xiters rodando no mapa kkkk",True,899.0166666666667,644,1782315831
228722394,Sdfvsdef,True,687.75,0,1782314780
228721439,tirando os hacks que estão dominando.... melhorou muito!,True,726.8666666666667,1,1782313956
228719340,"cade os anti cheeat valve????????????????
",True,175.85,0,1782312778
228719035,"e bom
",True,300.4,0,1782312550
228717826,Jogo estressa mas é bom.,True,2.966666666666667,0,1782311569
228716617,"bem estressante,quando me estresso bato na minha vo mas o jogo r bom",True,18.1,0,1782310500
228715682,"jogo muito bom, mas infelizmente esta infestado de xiter e estragando uma experiencia que era p ser divertida",True,243.4,0,1782309629
228713980,Jogo muito bom,True,18.45,1,1782307980
228712952,"O melhor jogo de FPS que existe, nada vai superar o CS",True,1607.05,0,1782306993
228712421,dadadadadadada,True,36.8,0,1782306486
228712336,Tenho 99% de certeza de que ninguem lê as criticas. entao direi que sou gay.,True,2142.7833333333333,0,1782306401
228711626,podre,False,7.683333333333334,1,1782305669
228711343,bom,True,21.466666666666665,0,1782305372
228710318,top!!,True,25.133333333333333,1,1782304308
228709696,bom pra odiar todo mundo,True,5.466666666666667,0,1782303673
228708822,n curti,True,907.4666666666667,0,1782302659
228708296,Tirando as pessoas é um bom jogo,True,67.0,0,1782302021
228702849,aSDASWASDSA,True,131.45,0,1782295057
228699981,cheaters-strike 2,False,595.9833333333333,0,1782291136
228696590,"O jogo é muito bom, mas está indo contra todos os próprios princípios.",True,29.333333333333332,0,1782285833
228695941,why you go mid green ?,True,208.4,0,1782284877
228693976,MELHOR JOGO DA HISTORIA,True,185.65,0,1782281786
228691097,mt ruim,True,111.06666666666666,0,1782277245
228690461,jogo top bem bacana,True,531.6333333333333,0,1782276152
228690155,muito bom xingar argentino recomendo,True,531.95,1,1782275662
228690049,Muita bala e muito cheter,True,73.48333333333333,0,1782275470
228689593,"jogo mto bom, nem tem xiter.
recomendo!",True,14.583333333333334,0,1782274806
228688937,1,True,19.833333333333332,0,1782273896
228688723,top,True,874.65,1,1782273578
228688476,NUM SEI,False,8.016666666666667,0,1782273192
228688219,Jogaralho apesar dos xiter,True,37.06666666666667,0,1782272806
228687346,Bem gay,True,629.3666666666667,0,1782271502
228686718,bfe bsgesbssbbbb,True,475.21666666666664,0,1782270619
228686607,"Dei um soco na minha tia e quebrei a mesa aqui do quarto, mas tirando isso até que é daorinha o jogo",True,250.65,0,1782270468
228686532,as vezes puxa muito nego xitado,True,818.0,0,1782270379
228686173,"jogo bom
",True,1010.7333333333333,0,1782269935
228685833,top,True,2551.516666666667,0,1782269566
228685528,"cs é bom demais, só falta ter menos hackers.",True,762.35,0,1782269223
228685474,"Muito bo,",True,36.233333333333334,0,1782269170
228685412,PQP muito estresante mais viciante,True,15.816666666666666,0,1782269128
228685237,n,False,510.01666666666665,0,1782268975
228685206,Otimo jogo... cheio de manito pra xingar vc,True,3764.5833333333335,0,1782268953
228685143,Topp de mais!,True,2992.5333333333333,0,1782268901
228684195,.....,True,14.183333333333334,0,1782266231
228683632,jogo bom,True,35.21666666666667,0,1782265482
228683495,raiva,True,1067.3166666666666,0,1782265287
228683121,tira toda sanidade mental de qualquer pessoa.,True,38.9,0,1782264792
228683116,:),True,1241.7166666666667,0,1782264781
228683075,melhor fps q eu já joguei muito bom,True,339.8666666666667,0,1782264727
228682859,"Jogo muito bacana, tem alguns pontos a melhoras porém bem divertido",True,1061.45,0,1782264461
228682761,"Achei que estava jogando Valorant. Todo mundo parece ter um ""poder"": alguns enxergam através das paredes, outros possuem reflexos sobre-humanos, enquanto alguns giram, voam pelo mapa e se movem com uma agilidade absurda. Mas não, é apenas Counter-Strike no seu auge atual.

O jogo que um dia foi referência de competitividade e habilidade mecânica hoje frequentemente passa a sensação de que a integridade das partidas ficou em segundo plano. O sistema Prime, vendido como uma forma de melhorar a experiência, pouco muda na prática. Você paga por uma promessa de partidas mais limpas, mas continua encontrando os mesmos problemas que afastam muitos jogadores.

Além disso, existe toda uma economia paralela que parece ter se tornado mais relevante do que o próprio jogo. Caixas são abertas aos montes em busca de itens raros, consumindo quantias absurdas de dinheiro sem qualquer garantia de retorno. O mercado de skins virou quase um jogo à parte, com negociações constantes e taxas que fazem a Valve lucrar em praticamente toda movimentação.

No fim, sobra a sensação de que Counter-Strike vive muito mais de sua reputação e da nostalgia do que da experiência que entrega hoje. Muitos continuam jogando porque se lembram dos bons momentos que tiveram no passado, não necessariamente porque o presente do jogo esteja à altura do legado que ele construiu.",False,90.6,0,1782264340
228682403,mt bommmmmmmmm,True,273.45,0,1782263896
228681893,"empresa lixo mercenária, só se preocupa em atualização pra arrecadar dinheiro e deixa o jogo largado aos xitados! tu paga pra jogar, gasta com o jogo e 8 de 10 partidas você fica apanhando pra xitado, fora o matchmaking e outros detalhes que um jogo com a idade que tem, com o faturamento que tem, tinha que ser infinitamente melhor, e peca em detalhes ridículos que dariam pra ser feitos em 1 dia.",False,1778.5666666666666,0,1782263246
228681860,pq é top!,True,2430.366666666667,0,1782263199
228681859,é bom,True,228.6,0,1782263198
228681266,"se estão pensando em comprar o prime para diminuir a quantidade de cheaters esquece!!!!!
o jogo ta com toda partida com um hacker diferente girando feito loco e vc denuncia e denuncia e nada acontece!!!
a valve ta nem ai pra nos jogadores!!! NÃO COMPRE O PRIME",False,295.1333333333333,0,1782262300
228680852,"Gastei boa parte da minha vida tentando sair do ouro 
Bom jogo recomendo",True,1529.6666666666667,0,1782261723
228680773,mt chave so que estressa um pouco quando morre,True,61.25,0,1782261607
228679925,muito bom,True,895.9,0,1782260461
228679628,TOP,True,9654.95,0,1782260039
228679313,não gostei,True,277.98333333333335,0,1782259636
228678998,bom,True,22.466666666666665,0,1782259259
228678957,gosto,True,49.65,1,1782259199
228678850,Follen,True,1217.5833333333333,0,1782259073
228678183,Gabriel Fallen Toledo,True,1098.9666666666667,0,1782258221
228678028,toop,True,92.76666666666667,0,1782257967
228678012,jogo em primeira pessoa muito bom,True,469.1333333333333,0,1782257945
228677984,Ok,True,2052.0333333333333,0,1782257913
228677865,"bem louco
",True,59.15,0,1782257727
228677860,"resenha 100%
saude mental 0%",True,239.16666666666666,0,1782257721
228677485,"Recomendo, é um bom jogo e ótimo para quem gosta de competitvo, já que quem cai na partida (contra você) ou é um cara extremamente viciado, sedentário, gordo e com o tempo de tela de 15 horas por dia, ou é um cara extremamente viciado, sedentário, magro e que nunca praticou um esporte de verdade na vida. Recomendo.",True,114.43333333333334,0,1782257248
228677381,"uma das melhores sagas de jogos (junto a LF4D, GOD OF WAR, SUPER MÁRIO...), desde o CS version 1.0 até o CS2! jogo sensacional!",True,630.6833333333333,0,1782257095
228677273,"PAREI DE JOGAR DEPOIS DE VER A FURIA SÓ TOMANDO NOS CAMPEONATOS, VOU JOGAR ISSO PORQUE ? SE OS PROFISSIONAIS NÃO TÃO GANHANDO NADA ????",True,1061.0666666666666,0,1782256929
228676877,jogo bom da peste oerca sua alma aqui,True,31.916666666666668,0,1782256432
228676745,muito gudi,True,152.46666666666667,0,1782256282
228676255,O melhor fps de todos os tempos.,True,723.2166666666667,0,1782255704
228676048,acaba com a sua vida,False,72.01666666666667,0,1782255470
228675814,"Muitos xiters, jogo é muito bom.. Deveria ser mais visto pela valve.",False,129.71666666666667,0,1782255203
228675722,é bom,True,196.55,0,1782255093
228675655,"Jogo é bom, oq é ruim sou eu",True,119.26666666666667,0,1782255009
228675234,o jogo da muita dor na bunda de tanto quicar no tio,False,137.71666666666667,1,1782254476
228675033,bao,True,376.76666666666665,0,1782254245
228674978,ABACATE,True,156.35,0,1782254200
228674522,sei jogar? Nao. Sou bom? Com certeza nao. Mas o jogo é bom? COM CERTEZA HEHEHEHEHE,True,17.966666666666665,0,1782253743
228674273,so tem hack e toxico,False,7614.8,0,1782253573
228674181,"cair com argentino 👎 
jogar com o colega da iskola q parece q não liga o monitor pra jogar👍",True,491.21666666666664,0,1782253512
228674145,"jogo lendário, pessima comunidade. o suco do br",False,673.45,0,1782253485
228673967,"Apesar dos linguajares e rages que pode-se encontrar, é um jogo de tiro bem estratégico e interessante",True,11.05,0,1782252351
228673772,"
]",True,731.9333333333333,0,1782252143
228672577,"CS2 é muito bom, mas a quantidade de jogadores tóxicos e xitados acaba estragando várias partidas. Mesmo assim, continua sendo um dos melhores FPS para quem curte competição.
Dito isso recomendo 👍",True,333.68333333333334,0,1782250842
228672397,"vc fica maluco mas e bom
",True,101.66666666666667,0,1782250633
228671995,JOGO MT BOM RECOMENDO,True,454.4166666666667,2,1782250214
228670957,"top top]
",True,17.866666666666667,0,1782249147
228670893,top demais,True,16.883333333333333,0,1782249075
228670478,https://steamcommunity.com/id/fallencs/inventory/#730_2_6870634211,True,112.15,0,1782248628
228670359,bom,True,21.433333333333334,0,1782248521
228669733,"não é um jogo, é um novo vício que você vai descobrir após focar um pouco no jogo. 10/10",True,156.2,0,1782247837
228669083,"Caminho sem volta, vão tomar seu dinheiro e vc vai ser xingado por Argentinos e Xiters.",True,3474.516666666667,0,1782247242
228669018,top,True,231.9,0,1782247192
228668611,"BOM
",True,305.96666666666664,0,1782246813
228668371,"jogo bosta, jogo todo dia. Espero ter ajudado",False,3399.3333333333335,0,1782246571
228668238,so me fez passar raiva mais é bom,True,28.0,0,1782246426
228668203,"[h1] cs melhor jogo [/h1]

amigos e pessoas interessadas em jogar esse FPS competitivo clássico.

experimentei tudo que esse jogo proporciona, desde ser [b]prata no CSGO[/b] até virar [b]level 20 GC[/b] e [b]25k+ ratings no premier[/b], além de ter criado uma organização armadora e ter atuado como coach dela.

inclusive aprendi muito com o coach [b]D10S[/b], que ajudou muito nosso time na época.

o nome do time era [b]AGUA.GG[/b], quem quiser, pode saber mais, tinhamos também time de VALORANT, pra quem joga.

[hr][/hr]

no início, quando jogava para querer ser o melhor e competir profissionalmente, treinava todos os dias, fazia uns pracc, jogava uns camp da gc, abria mapa de aim, fazia meu treino diário e também dava uma olhada na demo de pros que jogavam na minha posição, inclusive, para quem quiser jogar melhor, [b]isso faz muita diferença[/b], saber se posicionar no mapa, entender reações, vale muito a pena.
já fui coach também, análisava demos do time adversário também, para entender padrões de jogadores e adaptar a estratégia devido a isso, era uma loucura, mas eu gostava, aprendi mt, valeu D10S

enfim, esse jogo me ajudou muito a evoluir até certo ponto que se tornou [b]tóxico[/b] na minha vida, sim, tóxico, infelizmente para esse jogo, minha característica de ser muito competitivo me faz querer ser o melhor, só para ser o melhor atualmente, é necessário muito tempo, e sabemos nós, adultos que trabalham e moram sozinhos, que é foda conseguir jogar em alto nível e trabalhar e estudar, é algo impossível.

e infelizmente eu não consigo jogar só para divertir, eu até tenho partidas assim, que eu só brinco pra ficar marcado na história, tipo minha [b]entregada na Anubis de awp[/b], só quem tava lá, sabe.... sério, eu queria jogar assim o tempo inteiro, mas eu [i]não consigo[/i]! crl

pra mim perde a graça tão rápido.

[hr][/hr]

então para quem é parecido comigo, [b]leia e entenda isso aqui[/b], mano, se vc quer focar na sua vida e ter uma vida melhor, foca nos estudos e trabalho aí, vai da bom, só focar. estude, sério, estudem e entrem em uma empresa foda, é boa a vida.

aí pro restante eu quero que jogue mesmo pq eu adoro assistir os campeonatos presenciais e ver gente boa jogando, e po, tem que ser bom pra caralho, então [b]joguem isso aqui bem[/b].

quanto melhor todo mundo jogar, mais nosso país vai ser forte po. tamo dominando tudo.

[hr][/hr]

adeus cs, mas obrigado pelos amigos que me deu e pelas experiências incriveis de vida que proporcionou, conheci mt gente inteligente e descobri mt sobre mim e a vida.

dale

é isso

joguem cs, alias, joguem também um [b]surfzinho[/b] pra melhroarem essas movimentações quadradas, vamo aprender mais aí, bora

seus newba, vários choros aí no meu perfil de gente que é ruim com força e chora no meu perfil, não sejam assim, façam isso que eu indiquei e vcs vão me entender, abraços.

[b]cs melhor jogo[/b]

quem sabe eu não jogue um cs de vez em quando for em uma lanhouse aqui, pra amassar uns amigos e/ou alguém do trabalho",True,6047.766666666666,0,1782246398
228667895,jogo que me estressa mas eu gosto,True,448.48333333333335,0,1782246098
228667891,".bom

",True,92.1,0,1782246095
228667569,muito hack,True,134.45,0,1782245780
228666401,jogo bom!,True,929.4,0,1782244624
228665598,"m,.,m",True,4.866666666666666,0,1782243857
228663977,muito divertido,True,512.3,0,1782242359
228662520,MUITO BOM E,True,236.41666666666666,0,1782241050
228662067,"MUITO HACKERS,  vc parado agachado atira um tap, a bala faz curva",False,224.96666666666667,0,1782240632
228661184,mt bom,True,5.233333333333333,0,1782239827
228660271,o jogo ta bom mas tem um bug que o cs nao abre ele fica na tela da valve e volta para steam e não roda,True,60.1,0,1782238951
228659949,bom,True,5.766666666666667,0,1782238664
228659413,divertido pakas!,True,26.2,0,1782238156
228658728,"Referência dos jogos de FPS, pra mim, o melhor jogo de tiro. mas... 
aparentemente o jogo parece está abandonado, muito cheater, tem partidas que você entra e as pessoas divulgam Link do Cheater pra você comprar e demostram na Ranked pra te convencer a começar a usar. nenhuma delas são penalizadas/Punidas por usar Hack na partida Ranked na qual você tem que pagar e a própria Valve diz ""não ter Cheater"".
gráfico de 2015 e mesmo assim com má otimização.
enfim, recomendo o jogo, mas evitem levar o jogo a sério, já que está bem poluído, tentem se divertir mesmo.",False,125.08333333333333,0,1782237520
228658023,rouba sua alma e sua sanidade mental mais quando vc mata os boneco e melhor que ejacular,True,318.3666666666667,0,1782236856
228656041,"comprei um monitor 240hz 0,5 ms, agora  morro em 240hz",True,6.883333333333334,0,1782235066
228656000,"jogo mt bom mas é mt difícil de aprender a jogar
",True,30.233333333333334,1,1782235025
228655638,mais ou menos haha,True,1215.5666666666666,0,1782234717
228655542,bom,True,147.65,0,1782234613
228655465,Muito xiter,False,1897.3333333333333,0,1782234547
228654267,muito bom esse jg. jogavel,True,66.91666666666667,0,1782233521
228653047,"é um jogo muito bom, mas a comunidade extremamente tóxica torna muito complicado de começar a jogar, pois se não souber jogar ao invés de te ajudarem e ensinarem, vão te xingar e te menosprezar. Mas é um jogo muito bom.",True,21.8,0,1782232418
228652103,"Eu recomendo este jogo, só preciso melhorar meu posicionamento no mapa, minha mira, minhas granadas, também a observação da posição dos inimigos, e entender que P90 não é arma... Se eu melhorar tudo isso, o jogo fica perfeito.",True,703.9,0,1782231549
228651551,top do topo do top do topo do topo do top,True,10.233333333333333,0,1782231057
228650636,gostei,True,6.483333333333333,0,1782230247
228650606,"Jogo top, dps de 6 anos jogando nunca avaliei, mio do momento, não so do momento como da uma era
",True,1814.7833333333333,0,1782230217
228647954,"e igual crack, você usa, vicia, fica agressivo e volta no outro dia pra mais",True,216.15,0,1782227878
228647349,jogo e bom... mas tem que jogar em uma gc ou faceit se nao so vai cair contra hack,False,1428.8,0,1782227341
228646658,Recomendo,True,1247.6833333333334,0,1782226765
228646609,"esse jogo da desgosto, desanimo, você paga prime pra se frustrar com hack e a valve não toma uma atitude, resumindo jogo cheio de cheater oque é ridiculo e a valve não faz nada a respeito, toda partida tem gente com hack enchendo o saco tomem uma atitude valve, melhorem.",False,267.7,1,1782226731
228646477,GG,True,1552.95,0,1782226614
228646053,Muito dahora,True,71.35,0,1782226246
228645869,"gostei 
",True,34.85,0,1782226095
228645662,Jogo,True,5.233333333333333,0,1782225895
228644830,top,True,606.6833333333333,0,1782225115
228644489,um lixo viciante,False,215.25,0,1782224802
228644483,Melhor que o go,True,796.9,0,1782224799
228642724,"MELHOR GAME DE FPS DISPARADO 
PENA QUE TEM MT XITER",True,179.03333333333333,0,1782223195
228642322,bom,True,1209.7333333333333,0,1782222797
228641641,amo esse jogo,True,14.983333333333333,0,1782222077
228641633,"gosto de tudo, porem vejo q a awp erra mt o tiro, ontem mesmo variostirous passava dentro do player e n matava",True,4133.75,0,1782222069
228640870,bom,True,1256.8666666666666,0,1782221301
228638985,Jogo hentai é melhor,False,331.26666666666665,0,1782219271
228637735,"legal, leve e se vc ja jogou outro fps nn é tao dificil",True,9.583333333333334,0,1782217928
228631293,"jogo bom, porem so a hack
",True,194.21666666666667,1,1782209662
228629093,top,True,88.38333333333334,0,1782206422
228622059,DOSIA,True,1232.3,0,1782195390
228621265,MUITO CHEAT,True,6374.016666666666,1,1782194131
228620606,mt topzin,True,38.55,0,1782193039
228620030,.....,False,298.3833333333333,1,1782192122
228618846,sdds do Global :(,True,1036.5,0,1782190161
228618778,"jogo bom, mas deve melhorar em sentido de cheaters
",True,164.48333333333332,1,1782190053
228617573,bom porem tem muito hack,True,79.1,0,1782188150
228616010,Jogo massa,True,13.0,0,1782185763
228615738,...,True,59.38333333333333,0,1782185403
228615238,um dos melhores fps,True,6.55,0,1782184708
228614946,.,True,260.3,0,1782184330
228613769,jogo muito bom lembra minha infancia,True,41.9,0,1782182745
228613211,Full Hack jogo fudido,False,163.01666666666668,0,1782181972
228613159,"Jogo virou guerra de xitados, valeu dona Valve",False,660.4,0,1782181922
228613043,SIM,True,110.55,0,1782181775
228612735,muito bom esse jogo,True,1067.35,0,1782181358
228612175,.,True,12.7,0,1782180601
228611461,"muito ruim, jogo cheio de hackers, sem balanceamento de nível de jogo e a valve não faz nada para melhorar a experiência do jogador casual que entra no jogo pra se distrair e tem 2-5 hackers sempre. comunidade brasileira tendo que lidar com argentinos por conta dos servidores, uma ruma de gente tóxica xingando os outros. sinceramente, se eu puder recomendar algo a alguém é pra passar longe desse jogo",False,35.583333333333336,0,1782179630
228611248,so bala e seczo,True,13.383333333333333,0,1782179345
228610402,Legal,True,147.33333333333334,0,1782178165
228608802,"Counter-Strike ainda é um ótimo jogo, mas não está tão bom quanto já foi. A quantidade de cheaters continua sendo um problema sério e prejudica a experiência competitiva. Além disso, a sensação de inconsistência em alguns tiros, causada pelo spread aleatório (""random bullet""), faz com que nem sempre a habilidade pareça ser o fator decisivo. Espero que a Valve continue melhorando o anti-cheat e a consistência da jogabilidade para que o CS volte ao seu melhor nível.
",False,999.0666666666667,0,1782176002
228608541,sim otimo,True,54.68333333333333,0,1782175691
228607756,"este jogo me fez tanta raiva que eu agredi a minha mae e fui encaminhado para a dp, mamei o delegado e estou livre dnv, agr vou ir jogar stardew valley",True,12.55,0,1782174670
228607629,Baum,True,228.71666666666667,0,1782174485
228607086,jogo muito top,True,18.1,0,1782173744
228606792,lixo,False,779.2666666666667,1,1782173367
228606777,é,True,294.9166666666667,0,1782173328
228606734,10 ANOS DE MIRAGE E NAO SABE SMOKA JANELAAAAO,True,142.63333333333333,0,1782173265
228606663,muito bom,True,42.43333333333333,0,1782173179
228606291,"JOGO BOM MAS PARECE QUE TODO MUNDO E  XITER BIZARRO
",True,21.883333333333333,0,1782172692
228606209,melhor fps,True,253.71666666666667,0,1782172575
228605905,muito bom,True,3468.8333333333335,0,1782172186
228605525,mt xit mais e bom,True,166.96666666666667,0,1782171719
228605194,"melhor fps do mundo 
best fps in the world",True,272.95,0,1782171303
228604863,"top top
",True,136.76666666666668,0,1782170916
228604851,"show
",True,27.0,0,1782170901
228604484,"Ainda to aprendendo sobre o jogo, mas recomendo fortemente.",True,9155.166666666666,0,1782170466
228604330,Tenha nada a fala,True,4.066666666666666,0,1782170293
228603975,wqd,True,2117.6833333333334,0,1782169890
228603931,joga nao,True,1090.0,0,1782169834
228603835,Melhor de todos os tempos,True,1632.1833333333334,0,1782169726
228603700,jogo muito bom,True,64.23333333333333,0,1782169572
228603549,sim,True,32.0,0,1782169363
228603154,bom,True,16.95,0,1782168896
228603089,BOM DMS,True,246.18333333333334,0,1782168818
228602652,jogo fácil,True,256.1666666666667,0,1782168316
228601670,"Eu amo o CS por completo, jogo desde 2007.",True,486.78333333333336,0,1782167074
228600226,Good to play.,True,14.6,0,1782165487
228600222,#voltacsgo,False,2834.8333333333335,1,1782165482
228600188,Bom demais,True,133.31666666666666,0,1782165454
228599285,física podre,False,224.98333333333332,0,1782164551
228598508,"Como pode uma empresa sair do CS 1.6 passar pela evolução do CS:GO e retroceder de forma terrível como esse jogo, não pega em PC mediano, não pega em PC literalmente ruim, só pega em PC de alto valor, lamentável a valve nunca vai ouvir ninguém ops na verdade nunca ouviu",False,691.65,0,1782163781
228597786,"melhor jogo 
",True,1050.4166666666667,0,1782163100
228597736,"Tem que ver esse VAC ai, mas de resto ta de boa",True,775.3,0,1782163046
228596717,cs é cs não tem jeito jogo e top mesmo,True,18.966666666666665,0,1782162024
228596460,"Muito bom, precisa de melhoras na hit box as vezes os tiros não vão onde miramos, mas graficos perfeitos, jogabilidade divertida, e podiam melhorar os servidores, brasileiro jogar só com brasileiro, argentino somente com argentino, pq mistura e fica horrivel de jogar em equipe",True,1223.35,0,1782161796
228596072,toop,True,153.11666666666667,0,1782161407
228596028,daorinha uma pena q no especial so jogam mirage,True,128.71666666666667,0,1782161369
228595830,legal,True,1836.0,0,1782161185
228595431,.,True,1738.8666666666666,0,1782160806
228595147,"roda muito bem, mas ta lotado de jogador com hacker de mira e/ou wallhack",False,442.1666666666667,0,1782160526
228594618,"Ainda ta longe de ser tudo aquilo que a Valve prometeu. O jogo trouxe melhorias visuais e as novas smokes são interessantes, mais varios problemas importantes continuam prejudicando a experiencia.

O principal deles é a quantidade de cheaters. Em muitas partidas do Premier parece que o sistema anti-cheat não consegue acompanhar quem realmente ta trapaceando, oque acaba desanimando quem joga de forma honesta.

Outro ponto que me incomoda é a inconsistência do jogo. Em alguns momentos, os tiros e a movimentação não passam a mesma confiança que o CS:GO transmitia. O sistema subtick foi apresentado como uma evolução, mais ainda parece não entregar a experiencia que muitos jogadores esperavam.

Tambem acredito que a Valve poderia se comunicar melhor com a comunidade. Muitas vezes os jogadores não sabem quais problemas estão sendo tratados ou quais são os planos pro futuro do jogo, isso acaba gerando uma sensação de abandono.

Além disso, tenho a impressão de que a empresa da mais atenção ao mercado de skins e as novas caixas do que a questões realmente importantes, como anti-cheat, servidores e otimização. O aspecto economico do jogo continua crescendo, enquanto problemas antigos permanecem sem solução.

No fim das contas, o CS2 tem potencial pra ser a melhor versão de Counter-Strike ja feita, mais atualmente ainda passa a impressão de ser um jogo que não atingiu o mesmo nivel de polimento e consistencia que o CS:GO alcançou ao longo dos anos. Como jogador, eu espero que a Valve volte a priorizar a experiencia competitiva, porque foi isso que sempre fez do Counter-Strike um dos maiores FPS da historia.",False,2380.383333333333,0,1782160019
228594241,"basicamente cs2 virou um jogo de roleta russa de cheaters, é tanta gente de macro e wall, que voce duvida ate de seus amigos, pode jogar oq for, casual, premier, se bobiar ate gc e faceit vc cai com gente de xit e smurf, passou da hr da valve colocar um anti-cheat que presta",False,258.48333333333335,0,1782159656
228593973,muito bom mais queria ser igual o fallen,True,34.266666666666666,0,1782159407
228591717,TOP,True,13.0,0,1782157329
228590735,jogo bom mas a comunidade toxica,True,8.7,0,1782156413
228590556,Bom.,True,106.38333333333334,1,1782156254
228589013,"TEM MUITO CARA QUE JOGA DE P90 MAS E TOP @RENAN SANTOS MEU PRESIDENTE
",True,239.76666666666668,1,1782154825
228588167,PB 2!,True,1578.2333333333333,1,1782154079
228587493,",",True,20.116666666666667,0,1782153445
228587456,parece que todo mundo aqui tem 300000000000 de horas de jogo man,False,5.1,0,1782153399
228586984,Uekkkkkk,True,26.516666666666666,0,1782152969
228586649,o jogo é bom em si mas se você que é ruim em reflexo e em mira igual a mim por favor não jogue,True,11.25,0,1782152624
228586101,"Mt bom o jogo, tem bastante xitado :)",True,27.55,0,1782152149
228585449,tiro ---> morre,True,806.7833333333333,0,1782151536
228584866,"⭐ Veredito: Recomendo. 100h+ e ainda é o FPS tático que eu mais respeito — mas com ressalvas honestas que todo novato merece ouvir.
🎯 O que o CS2 acerta
O núcleo é sagrado: 5v5 bomba/defuse, economia de time, e um gunplay que continua sendo padrão-ouro do gênero. Você morre porque errou posição, timing ou spray — não porque o jogo te traiu. Essa clareza é o que prende há mais de duas décadas.
O salto técnico do Source 2 é real. As smokes agora são volumétricas: ocupam volume de verdade, reagem a tiro e granada, e abrem janelas táticas que não existiam. Iluminação dinâmica, sombras e texturas deixam os mapas mais legíveis — dá pra ler uma jogada melhor do que no CS:GO. Visualmente o jogo ""estoura"".
E o pacote ao redor é difícil de bater: de graça, base de jogadores gigante, a melhor cena de esports do planeta, Workshop, trading cards e um mercado de skins fervilhante pra quem curte colecionar.
⚠️ O que pesa contra (e seria desonesto omitir)

Cheater. É a dor nº1. No Premier solo, em elos mais altos, você vai cruzar com spinbot e wallhack, e o sistema de report não dá a sensação de resolver. Não estraga toda partida, mas estraga o suficiente pra irritar.
Hardware. CS2 pede mais que o CS:GO. Em PC forte voa (400–500 FPS); em setup mediano você sente FPS instável, input lag ocasional e rubber-banding em rounds pesados. Mexer nas configs ajuda, mas não é ""CS:GO com tinta nova"".
Luto do CS:GO. O antecessor foi 100% substituído. Muscle memory continua valendo, mas modos e mapas antigos que algumas pessoas amavam se foram. Veterano sente.
Comunidade. Como todo competitivo popular, tem dose de toxicidade e votekick por qualquer motivo. Faz parte do território.

🛠️ Conselho pra quem vai começar

Jogue em party sempre que der — muda completamente a experiência vs. solo queue.
Não entre pra ""rankear fácil""; entre pra evoluir aim e leitura de jogo. É aí que o CS recompensa.
Setup mediano? Ajuste gráficos antes de reclamar de FPS.
Quer fugir do caos do matchmaking? Servidores da comunidade existem.

🏆 Conclusão
CS2 é um jogo definido por maestria: curva íngreme, mas é exatamente o que faz a vitória valer. Se você quer um tactical FPS de pura habilidade, com profundidade de longo prazo que pouquíssimos entregam, é fácil recomendar. Só vá com os olhos abertos: o problema de cheater no solo é real, e o jogo cobra do seu PC. Ajustada a expectativa, é dos melhores que existem.
👍 Recomendo.",True,84.38333333333334,0,1782150981
228583006,JOGA MUITOOO,True,130.91666666666666,0,1782149173
228582385,Muito bom quando jogado com amigos,True,302.98333333333335,0,1782148598
228581531,"legal
",True,134.63333333333333,0,1782147788
228580491,Simplesmente cs,True,5014.283333333334,1,1782146789
228580436,good!!!,True,36.65,0,1782146749
228579856,"jogo filha da puta 
",False,85.6,0,1782146234
228578605,bom,True,72.38333333333334,0,1782144999
228576442,nao tem muito oque falar ne. jogo historico!,True,1458.1,0,1782143056
228576367,entrei matei 1 e morri todas as outras rodadas 10/10,True,46.833333333333336,0,1782142980
228576046,"gostei
",True,244.05,0,1782142695
228575224,"jogo de gente doida, mas é bom",True,363.73333333333335,0,1782141961
228574216,top,True,51.0,0,1782141103
228573805,"i hate black people
",True,372.03333333333336,1,1782140738
228571303,mt bom trocar a armas do iventario e ver os caras surtar,True,122.75,0,1782138561
228570809,bom i novo,True,36.55,0,1782138108
228569342,"Passei anos trancado nesse jogo. Meus amigos casaram, tiveram filhos, e meu cachorro não está mais aqui. O CS se tornou minha única realidade; a única vitória é Ficar horas decorando cada smoke e cravar aquele pixel perfeito. Desenvolvi ansiedade,  e crises de raiva, mas, querendo ou não, é a única coisa que me mantém vivo.
​Recomendo muito esse jogo!",True,512.8333333333334,1,1782136729
228565213,bom,True,38.483333333333334,0,1782132674
228564474,"melhor fps do mundo, só precisa melhorar o anti-cheat",True,277.25,3,1782131830
228562139,"Recomendação, joguem Gc e FaceIt",True,1728.6666666666667,1,1782129045
228561444,"Jogo está sendo abandonado pela dona valve, muito chitado na cara limpa, deveriam investir em algum anti cheater melhor, ai sim o jogo ficaria como o esperado",True,1139.5833333333333,5,1782128219
228561257,sem fnx sem major,True,88.03333333333333,0,1782128008
228559535,tal do cszin god,True,451.45,1,1782125801
228554873,PAI DE TODOS,True,1531.1833333333334,1,1782119059
228550030,l,True,9.8,0,1782111662
228546398,"fezes
",False,368.3666666666667,0,1782106106
228545511,K,True,3986.3,0,1782104830
228545281,cs,True,213.01666666666668,1,1782104535
228542262,JJOGO TA MELHORANDO CADA  ANO,True,1019.8166666666667,0,1782100170
228540789,"🟥 O Visual e a Engine Source 2
A mudança para a Source 2 deu a CS2 uma lufada de ar fresco que o jogo precisava desesperadamente.

Iluminação e Clareza: Os mapas antigos (como Mirage, Inferno e Overpass) foram refeitos ou atualizados. A iluminação agora é realista, o que melhorou drasticamente a visibilidade dos agentes. Aqueles cantos escuros onde os inimigos costumavam se esconder praticamente sumiram.

Física da Água e Sangue: Pequenos detalhes, como marcas de sangue que secam com o tempo e a água que reage aos tiros e passos, aumentam a imersão sem pesar excessivamente no desempenho.

💨 A Revolução das Granadas de Fumaça
A maior e mais impactante mudança de gameplay em CS2 está nas Smokes Volumétricas.

Como funciona: Agora, a fumaça é um objeto 3D dinâmico que interage com o ambiente, preenche espaços de forma realista e reage à luz.

O grande diferencial competitivo é que as fumaças agora podem ser ""rompidas"" temporariamente. Se você disparar uma rajada de balas ou lançar uma granada explosiva (HE) dentro da fumaça, abrirá um buraco que permite ver o que está do outro lado. Isso destruiu táticas antigas e forçou os jogadores a criarem novas dinâmicas de ataque e defesa.

🕹️ Sub-Tick e a Jogabilidade
A Valve prometeu o fim dos servidores ""64-tick vs 128-tick"" com o sistema Sub-Tick. Em teoria, o servidor agora sabe o momento exato em que você atirou ou pulou, independentemente da taxa de atualização do servidor.

A Realidade: No lançamento, a comunidade sentiu que o jogo estava ""estranho"" se comparado ao CS:GO, com mortes atrás de paredes acontecendo com certa frequência.

Evolução: A Valve refinou o sistema por meio de atualizações constantes. Hoje, a movimentação e o spray das armas parecem muito mais polidos e próximos da precisão cirúrgica pela qual a franquia é conhecida, embora os puristas ainda sintam saudades dos servidores de 128-tick da Faceit.

📈 Sistema de Classificação e Interface
CS2 simplificou e modernizou a experiência do usuário com duas grandes adições:

Modo Premier: O novo modo competitivo principal conta com um sistema de veto de mapas (estilo profissional) e uma pontuação numérica transparente (CS Rating), em vez das patentes ocultas do passado. Isso tornou a escalada no ranking muito mais viciante.

O Menu de Compras: O clássico menu radial foi substituído por uma grade visual. Além disso, a Valve adicionou a mecânica de reembolso (se você comprou errado antes do round começar, pode devolver) e o sistema de Loadout, onde você escolhe quais armas quer levar para a partida.

⚠️ Os Pontos Fracos
Nem tudo são flores em CS2. O jogo ainda herda problemas crônicos e trouxe alguns novos:

O Problema dos Cheaters: O Valve Anti-Cheat (VAC Live) prometia banir trapaceiros em tempo real e cancelar partidas. Embora aconteça, o volume de cheaters nas patentes mais altas do modo Premier ainda é uma das maiores reclamações da comunidade, forçando jogadores hardcore a recorrerem a plataformas externas.

Otimização: Por ser um jogo visualmente mais robusto, computadores de entrada (que rodavam CS:GO tranquilamente) sofrem para manter taxas de quadros (FPS) estáveis em CS2.

Conteúdo Removido: No processo de transição, alguns modos de jogo queridos (como a Corrida Armamentista, que demorou a voltar, e o modo Zona de Perigo) e vários mapas clássicos foram deixados para trás.

🏆 Veredito
Nota: 8.5 / 10

Counter-Strike 2 é uma evolução natural e necessária. Ele mantém a essência tática pura de ""plantar/defensar a bomba"" que consagrou a franquia por mais de duas décadas, mas envelopada em uma tecnologia moderna.

Para os veteranos, as mudanças nas fumaças e a nova engine trouxeram uma curva de aprendizado empolgante. Para os novatos, o jogo está visualmente mais atraente e acessível. Embora a Valve ainda precise travar uma batalha mais dura contra os trapaceiros e melhorar a otimização para PCs mais fracos, CS2 consolida o futuro da franquia para a próxima década.",True,0.55,1,1782098046
228540093,jogo bom,True,1143.7,0,1782096993
228539846,"Aqui vc passa raiva, gasta dinheiro, não se diverte.
Mas joga todo dia.",True,256.3666666666667,0,1782096675
228539368,"Nao sei pq joguei tanto isso, tem muita gente toxica nessa porra, olha so como ja estou",False,770.35,0,1782096001
228538878,"O Counter-Strike 2 (CS2) é o simulador de crise de ansiedade mais bonito do mercado atual. A Valve basicamente envelopou o clássico CS:GO em um papel de presente brilhante com gráficos Source 2, mas manteve intacta a experiência principal: fazer você passar raiva com quatro desconhecidos enquanto tenta desarmar uma bomba.",True,238.83333333333334,0,1782095352
228538807,"da pra zoar
",True,448.78333333333336,0,1782095234
228538213,Melhor jogo da historia.,True,1747.7666666666667,0,1782094423
228538179,É bom quando ganha. mas se perdes com boa companhia é bom também,True,42.18333333333333,0,1782094383
228537338,é bem tops msm eu sendo bem ruim,True,182.55,0,1782093175
228537322,É bão,True,323.1333333333333,0,1782093156
228537095,tooooooooop,True,9.6,0,1782092845
228536897,"Muito bom, mas passa raiva",True,1106.6666666666667,0,1782092590
228535722,MUITO BOM O JG recomendo!,False,39.68333333333333,0,1782090968
228535683,Cszin pela ord,True,1356.4833333333333,0,1782090918
228535645,uma maravilha de jogo,True,201.45,0,1782090863
228535537,éééééé mais o menos kkkkkkkkkkkkkkkk,True,164.33333333333334,0,1782090732
228535503,"eu não acho que posso falar muito sobre esse jogo pois tenho só 51 horas, mais eu posso dizer se você gosta de jogo de estrategia e tiro esse jogo e perfeito mais se você for iniciante recomendo você mutar as pessoas porque a comunidade desse jogo não e muito amigavel com iniciantes",True,37.13333333333333,0,1782090688
228534827,"Se vc quiser jogar um jogo que não precisa de cadastrar o cartão da mamãe pra ser bom esse é o jogo, porem vc vai querer cadastrar o cartão pra comprar uma skin da AK que pro sinal são caras pra kct.",True,57.55,0,1782089756
228534811,JOGO TOP,True,1028.8333333333333,0,1782089740
228534431,the best game ever!,True,1445.5333333333333,0,1782089277
228533968,.,True,220.56666666666666,0,1782088740
228533875,"knmjnkjbkbk
",True,25.416666666666668,0,1782088628
228533832,"Esse jogo é altamente viciante, apesar de todos os problemas envoltos.",True,570.4,0,1782088566
228533694,esse jogo é um chiqueiro de hackers,False,6.166666666666667,0,1782088352
228532446,"MUITO BOM
",True,1324.2,0,1782086721
228532082,"Esse jogo apenas contém PESSOAS que não corroboram em nada na sociedade e tem o Guilherme, vulgo Gorddin no discord e nick Mortal pra Mid na Steam que não sobe um ciberatleta na minha ranked!",False,1727.7333333333333,0,1782086226
228531880,SHOW DE BOLA!,True,218.45,0,1782085978
228531756,jogo legal,True,419.5833333333333,0,1782085808
228531444,",lk",True,14.333333333333334,0,1782085386
228531251,"Jogo infestado de hackers.
Jogadores olhando pela parede e não se importando com mais nada, pois o sistema de ban é ruim.
O especial (premier) é só hacker.
Quer se divertir? jogue competitivo e ainda assim aparece uns hacker.
Especial com pontuação acima de 14k, só hacker.
Virou um jogo que quem ganha é o que xita mais.",False,2644.2,0,1782085150
228530042,"Estressante, mais bom",True,2804.8333333333335,0,1782083613
228529960,a,True,636.3833333333333,1,1782083519
228529922,eu gostei por que ele e um jogo que eu queria muito poder jogar e agora que tenho a chance eu to aproveitando,True,21.75,0,1782083489
228529427,top,True,584.7333333333333,0,1782082911
228529375,Lavagem cerebral,True,1031.8833333333334,1,1782082868
228529135,XD,True,406.6333333333333,0,1782082599
228528207,ola sou rato,True,47.5,0,1782081540
228527505,"Arreglen el premier, el anticheat y que vuelva el CSGO.",True,655.55,0,1782080745
228525508,"MUito bom, cahama",True,280.4,0,1782078531
228524168,"melhor jogo da historia do mundo
",True,501.21666666666664,0,1782077171
228523957,"CS é CS, nem tenho oq falar.",True,23.866666666666667,0,1782076965
228523374,só tem hacker,True,32.96666666666667,1,1782076363
228523369,JOGO INCRIVEL,True,3035.233333333333,0,1782076358
228522970,jogo desde a minha infância porem o jogo se perdeu demais com cs2,True,201.18333333333334,0,1782075985
228521763,"muito bom
",True,34.78333333333333,0,1782074821
228521116,"comecei a jogar, descobri que o ragebait é constante",True,85.78333333333333,0,1782074185
228520731,n jogue essa merda,True,265.3833333333333,0,1782073813
228520528,CS2 é simplesmente o melhor FPS!,True,149.71666666666667,0,1782073628
228520203,mt ruim,True,17.566666666666666,0,1782073291
228519339,good,True,20.25,0,1782072466
228519090,jogo muito bom recomendo!,True,818.0666666666667,0,1782072244
228518981,cruzes,False,1267.8333333333333,0,1782072159
228518891,e bom mas valorant e melhor,True,38.63333333333333,0,1782072089
228517849,gostosinho demais huuuummm adoro,True,4.55,0,1782071169
228517654,em questão de harware ele é bem pesadinho mais é um jogo que compensa jogar,True,119.13333333333334,0,1782070986
228517477,"muito bom top top demais 
",True,4.983333333333333,0,1782070828
228517398,"Se você tem foco em melhorar e virar profissional, o único caminho são softwares externos como faceit ou gamers Club, porque o competitivo e o especial são incrivelmente ruins, só xitado e toxico... Mas tirando isso gosto muito do jogo
",True,827.9333333333333,0,1782070751
228516596,Batatinha frita 123,True,1027.95,0,1782070056
228516273,"mikubr
",True,4030.0,0,1782069793
228515961,top,True,984.9,0,1782069504
228515717,   v,False,1222.7666666666667,0,1782069297
228515437,!,True,29.533333333333335,0,1782069065
228515241,".
",True,808.1833333333333,0,1782068896
228514377,"bom  mds muito bom
",True,3.9166666666666665,0,1782068126
228513638,"""CS é incrível. Você entra em busca de competição e encontra duas espécies raras: o inimigo que enxerga através das paredes e o companheiro que decidiu que perder é apenas um estilo de jogo. Não importa o nível da partida, sempre tem um hacker ou um troll. É tradição, patrimônio histórico da comunidade.""",False,344.81666666666666,0,1782067467
228513582,melhor jogo,True,55.25,0,1782067417
228512041,Perfeito,True,308.98333333333335,0,1782066035
228511935,comecei a namorar no meio do comp,True,614.7,0,1782065945
228511780,perdi 3 anos de vida e sanidade,True,223.98333333333332,0,1782065797
228510726,"jogo de true adam, recomendo",True,31.333333333333332,0,1782064867
228510586,jogo de homem estranho,True,15.75,0,1782064749
228510520,é legal mas vao xinga voce ao maximo,True,257.05,0,1782064698
228510467,p;.o,False,11.316666666666666,0,1782064648
228510131,jogo bao,True,18.166666666666668,0,1782064361
228509991,tudo pae,True,353.4166666666667,0,1782064239
228509800,10,True,34.233333333333334,0,1782064076
228509302,Podia ser melhor!,True,354.55,0,1782063636
228509041,top,True,261.3333333333333,0,1782063402
228508836,top,True,612.2666666666667,1,1782063228
228507951,Melhor que mt droga,True,8.05,0,1782062493
228507837,"pra quem quer perder a sanidade podde instalar q é perfeito
",True,331.93333333333334,0,1782062398
228506269,topi,True,6.4,0,1782061070
228505561,...,True,590.0333333333333,0,1782060444
228504192,Incrivel e horrivel ao mesmo tempo,True,273.1166666666667,0,1782059259
228503537,"muita putice
",False,34.4,0,1782058676
228503140,"mt zika
",True,149.16666666666666,0,1782058369
228502755,Muito bom,True,4870.766666666666,0,1782058067
228501368,mui busm,True,1084.15,0,1782056925
228500813,JOGASSO,True,198.58333333333334,0,1782056499
228497172,muito bom o jogo graficos incriveis mas é dificil aprender as tecnicas mas muito bom recomendo,True,17.716666666666665,0,1782053487
228495967,jogo lixo,True,119.38333333333334,0,1782052458
228495514,muito hack !,True,1748.2333333333333,0,1782052096
228495018,"e ruim ate acostumar e entrar na onda DO GAME
",True,96.61666666666666,0,1782051662
228494915,"pense num jogo pra passar raiva, mas a maioria dos players deixam o jogo divertido",True,181.38333333333333,0,1782051563
228494475,good,True,800.2833333333333,0,1782051190
228494108,O melhor jogo online que já existiu. Todo mundo deveria começar a jogar por ele,True,1465.85,0,1782050894
228493597,"jogo muito bom,mas cheio de hacks",True,337.8,0,1782050473
228493421,bom,True,5.533333333333333,0,1782050318
228492230,é muito bom mas tem MUIITOOO HACKK,True,13.733333333333333,0,1782049335
228491616,"e muito bom
",True,33.15,0,1782048847
228490718,muito bom o jogo,True,42.083333333333336,0,1782048053
228490465,aaaaaaa  aaaaaa aaaaaaaaaa aaaaaa,True,1417.95,0,1782047848
228484304,Infelizmente o jogo é bom até o momento que entra os caras com hack quem não compactua não esta nem conseguindo expulsar o hacker esta cada vez mais píorando o game o cheats,False,894.1833333333333,1,1782041959
228481200,Legal bem loco,True,5.016666666666667,0,1782038637
228481173,muito hack,True,546.05,0,1782038605
228481071,...,True,5.816666666666666,0,1782038488
228479028,Poderia ser melhor,True,25.583333333333332,0,1782036268
228473234,"bom
",True,46.21666666666667,0,1782029252
228471161,Bom jogo para passar um tempo rindo com os amigos de madrugada!! divertido demais! HAHAHA,True,1063.2166666666667,0,1782026564
228470294,top,True,1514.15,0,1782025455
228468858,jogo desde CS 1.6,True,98.0,0,1782023566
228467068,.,True,125.31666666666666,0,1782021169
228466500,jogo muito bom,True,44.31666666666667,0,1782020393
228466381,jogo top demais parece eu jogando,True,2446.8,0,1782020225
228463402,"o cs2 e muito bom para fazer amizades,etc eu sempre vou amar este jogo so que a valve deveria banir mais hacks dentro do jogo.",True,54.71666666666667,0,1782016178
228462523,Amo essa comunidade tóxica S2,True,210.83333333333334,0,1782014937
228461777,cada dia vc se decepciona mais com seus t8s e com sua habilidade,False,133.1,1,1782013965
228459811,ja foi melhor.,True,262.1166666666667,0,1782011512
228459735,"muito
top",True,73.81666666666666,0,1782011432
228459578,"jogo muito bom
",True,1179.4166666666667,0,1782011243
228459133,muito bom,True,32.65,0,1782010661
228457989,"do caralho
",True,234.2,0,1782009178
228457842,Melhor FPS do mundo,True,13.4,0,1782008978
228457564,game full hack,False,2935.9166666666665,1,1782008666
228457468,"daora mais tem muito xit, é jogavel",True,41.78333333333333,0,1782008544
228457417,Muitos Hackers,False,20.916666666666668,1,1782008478
228456416,asa,True,1032.1333333333334,0,1782007230
228456380,"jogo foda, mecanica foda, tudo foda",True,186.75,0,1782007170
228455445,So xiter,False,1201.4,1,1782005982
228454952,Jogo muito bom me tirou do free fire,True,559.9166666666666,0,1782005369
228454951,"recomendo demais, comunidade muito amigável, anti xit incrivel, 0 hack, partidas amigáveis sem preconceito e sem xingamentos, mt bom",True,648.0166666666667,0,1782005367
228454415,"É altamente competitivo, dependendo de sua interpretação emocional em relação as derrotas e vitórias você pode ter um aumento temporário de testosterona relacionada a essa alta competitividade, não é viciante pois meu dispositivo tem baixo desempenho, isso acaba gerando partidas de qualidade que me fariam chorar se eu mesmo fosse assistir.",True,76.8,0,1782004684
228453821,"CS2 é o maior jogo de fps do mundo, o unico problema é a existencia de jogadores que pagam pelo prime somente pra infernizar quem joga honestamente e o VAC não detecta",True,6.283333333333333,0,1782003862
228453488,muito bom,True,49.06666666666667,0,1782003472
228453436,"recordar e viver mas com pitadas de novidade e atualidade jogo classico com muita diverçao
",True,126.53333333333333,0,1782003411
228453398,"tiro, porrada e bomba
",True,25.783333333333335,0,1782003361
228453269,ng,True,6.5,0,1782003208
228453263,bom dms,True,39.016666666666666,0,1782003198
228452967,Muito bom,True,81.81666666666666,0,1782002836
228452628,bom jogo,True,2966.4166666666665,0,1782002406
228451925,O jogo de tiro...,True,84.18333333333334,0,1782001477
228451529,MT LEGAL,True,185.86666666666667,0,1782000926
228451216,"ele e otimo para joga mas recomendo comprar o prime
",True,13.816666666666666,0,1782000384
228451177,Muito bom!,True,415.76666666666665,1,1782000316
228449154,Bom jogo o que a arrasa as vezes é a queda de ping,True,1539.6666666666667,0,1781997851
228448730,"o cara entra para jogar e cai de inicio contra um que ta gi4rando e atravesando parede e no final leva bah eu acho que e por nao instalar um hack nao tem outra explicaçao
",False,88.13333333333334,1,1781997349
228448502,"Muito Xiter, parecendo Combat Arms",False,2397.983333333333,2,1781997090
228446615,YES TOP,True,1926.2833333333333,0,1781994922
228446520,"Melhor jogo do mundo, se não tivesse tanto hack ia ser perfeito",True,1165.4166666666667,0,1781994805
228445015,ASMEI MUITO JOGO MUITO BOM TIRO TEMPO COM OS HACKER,True,238.31666666666666,0,1781993215
228444316,Muito bom!,True,132.75,0,1781992455
228444297,"Esse Jogo tem uma Curva de Aprendizado dificil para novos jogadores, porem prazerosa, o sentimento da play dar certa é melhor do orgasmo nmrl, o lado ruim é como a comunidade é toxica, so pq o jogo tem mais que 10 ano todos os pratas tem que saber montão de pixel de granada e mecanica que um newboy OBVIAMENTE nn vai saber, e é GARANTIDO q um idiota frustrado vai te xingar pq ele é um 6x1 e tem uma muie feia(se tiver mulher que ame esse individo) e tem que descontar a tristeza em um joguinho",True,73.43333333333334,0,1781992435
228443567,um bom jogo,True,24.533333333333335,0,1781991710
228442800,sofrimento,False,2546.6833333333334,1,1781990972
228442322,sim,True,4.916666666666667,0,1781990532
228442070,"O Anticheat desse jogo é tipo uma recaída por um ex, enquanto vc está bêbado e pensando de forma superficial parece estar tudo otimo, mas ai é só ficar sobrio é perceber quão merda é, melhore valve.",False,26.55,0,1781990277
228441925,Nice,True,198.98333333333332,0,1781990151
228441612,impactante,True,218.6,0,1781989877
228441378,Jogo bom mas o anti cheat e uma merda a cada 3 partidas 2 cai com xiter,True,31.3,0,1781989655
228440846, tem hackers em todas as partidas  e o jogo apresenta muitos travamentos e muito mal otimizado,False,50.55,1,1781989179
228440839,Nostalgia pura,True,10.033333333333333,0,1781989176
228440685,"muito bom, da gosto de matar os argentino que joga essa porra",True,81.81666666666666,0,1781989027
228439010,HS e Muito rage nessa bomba de jogo!,True,3122.25,0,1781987457
228439007,muito bom graficos otimo alem de bem competitivo,True,18.016666666666666,0,1781987456
228438481,É legal dar tiro na cara das pessoas dps de um dia cansativo,True,16.65,1,1781986934
228437596,apenas jogue,True,11.183333333333334,0,1781986085
228437369,muito bom,True,24.15,0,1781985881
228436765,top,True,80.56666666666666,0,1781985314
228436752,"eu joguei 4 partidas casuais, 1° tinha cheaters, 2° tinha cheaters, 3° tinha cheater e a 4° tinha cheater. a valve ta fazendo menos que nada pra lida com hack, os poucos cheaters que foram banidos pelo VAC so foram banidos depois de 4 a 7 rodadas, do que adianta bani o cara depois da partida ja ter sido estragada.",False,4.133333333333334,0,1781985306
228435765,e do jeito q eu imaginei q seria jogar,True,26.766666666666666,0,1781984434
228434943,top,True,525.45,0,1781983639
228434887,Jogo bom demais da conta uai,True,1497.85,0,1781983587
228434084,"mo bom
",True,8.383333333333333,0,1781982942
228434035,.,True,1006.5166666666667,0,1781982887
228432901,tudo,True,165.7,0,1781981897
228432346,só presta faceit,True,543.2333333333333,1,1781981396
228432271,GG,True,853.5333333333333,1,1781981337
228430186,ajeitado,True,23.116666666666667,0,1781979456
228429668,.,True,217.78333333333333,0,1781978979
228429654,top,True,1422.9833333333333,0,1781978969
228429174,"os hack, toma conta do jogo agora nos que sem querer acaba energia essas coias eles da bam de 24h esse jogo ja foi 1 dia bom",False,1139.4,0,1781978549
228428800,"não acabe com sua saúde mental
",False,164.81666666666666,0,1781978236
228428278,muito xit,True,382.26666666666665,0,1781977753
228427995,"granada booom, papum papum, boooh booooh boooh. toooooooooooop",True,66.21666666666667,0,1781977480
228427364,"VALVE NAO CONSEGUE COLOCAR UM Anti-Cheat DESCENTE, JOGO ESTA CADA VEZ PIOR",False,943.5,0,1781976923
228427282,jogo muito divertido mais tem muito raker,True,40.2,0,1781976848
228426189,Top,True,6.216666666666667,0,1781975888
228424299,muito bom,True,120.21666666666667,0,1781974296
228423245,raiva odio e testosterona,True,120.38333333333334,0,1781973382
228422869,muito bom,True,28.233333333333334,0,1781973073
228422287,"não joguem esse jogo!! minha vó foi atropelada por um urubu em voo, não recomendo",True,614.35,0,1781972628
228421960,top dms,True,82.91666666666667,0,1781972346
228421465,"Está IMPOSSÍVEL jogar, lotado de hackers.",False,356.65,1,1781971952
228420609,"O jogo é dahora, tem bastante conteúdo, mas não acho que algumas coisas foram aplicadas corretamente.
Tem bastante conteúdo, é dahora, porém os caminhos alternativos são tantos que se torna cansativo, joguei 4 horas e 3 horas e meia foi só exploração sem ser da história principal... Tudo bem, tem pessoas que gostam, mas pra mim foi tão cansativo que no final do jogo acabei skipando todas as cavernas e tudo que tinha pra fazer só pra seguir logo com a história principal e poder terminar.

Sem contar que parece que os personagens são amebas, os diálogos dos NPCS parecem que não existem para o personagem principal, ele estava procurando numa velha vila, o traidor do rei que viajou no tempo, um NPC vem e me fala que um velho passou por aqui e levou um monte de gente pra um templo no meio da floresta, depois de 5 min você vê um diálogo dele tipo ""onde será que ele está?"", parece bem esquisito ao meu ver.

Mas a história apesar de clichê, me cativou, vou recomendar.",True,272.93333333333334,1,1781971230
228420293,"1 passo vc entra na partida 
2 passo compra uma ak 
3 passo erra todos tiros 
4 vc morre pra um mlk de 13 anos 
5 vc e xingado pelo seu time 
6 vc xinga seu time a aprtida acaba por 2 x 10
7 vc vicia no jogo",True,31.35,0,1781970968
228418431,"RECOMMENDO MUITO
",True,59.25,0,1781969493
228417971,"é cs né
",True,13.633333333333333,0,1781969136
228417967,o jogo é bom mas os argentinos n,True,346.9166666666667,0,1781969133
228416445,otimo para distrair,True,1636.0166666666667,0,1781967924
228414449,"não tem o que comentar, excelente.",True,8.6,0,1781966340
228413667,Simplesmente o Melhor jogo de FSP!,True,189.01666666666668,0,1781965726
228411897,Toxico mas e bom som -18 e jogo muito bom jogo pra imperativos e depressivos que quer fazer amigos anti cheat e uma merda mas e bom,True,46.083333333333336,0,1781964253
228409371,mt bom,True,68.5,0,1781962307
228408269,CS é bom d mais só joga,True,93.28333333333333,0,1781961303
228404732,so resenha na casual pra compensar os xites,True,605.85,0,1781957941
228401984,muito bom e sem bugs,True,9.583333333333334,0,1781955191
228398183,Melhor FPS já inventado.,True,690.3666666666667,0,1781950864
228388342,very very interesting,True,1547.45,0,1781938761
228387043,"Jogo cheio de hacks, toda partida você encontra um, tem que pagar para jogar em partidas sem. se eles tem sistema de anticheat por que torna isso somente pago? horrivel",False,14.266666666666667,0,1781937025
228386298,Muito bom,True,76.95,1,1781936023
228386187,"jogo bom, quase nao tem xiter",True,2421.5666666666666,2,1781935861
228385210,"gostei bom jogo e otimo lugar fazer amizades dar risadas
",True,217.71666666666667,0,1781934482
228384631,"saia enquanto pode mano, esse jogo só tem deficiente do krl. KITEM KITEM KITEM",False,1418.6666666666667,0,1781933642
228384169,muito bom,True,20.0,0,1781932990
228383861,GOOD.,True,82.58333333333333,0,1781932564
228383553,".\

",True,27.066666666666666,0,1781932163
228383526,Melhor jogo de fps que ja joguei,True,250.5,0,1781932129
228379814,"muito legau, posso pegar muitas skins, vender por 50k e gastar e droga, compensa mt",True,8.183333333333334,0,1781926999
228379329,"Quanto mais vc joga, sem prime, mais vc se arepende",False,92.03333333333333,0,1781926350
228378898,Bom :),True,154.23333333333332,1,1781925807
228378669,ganhei uns 12 mil reais até agr jogo dava pra fazer dinheiro era daora agr so tem hacker mt top familia,True,1014.0833333333334,0,1781925488
228378586,Top,True,7.4,0,1781925367
228378386,Legal,True,20.4,0,1781925140
228378353,Massa,True,22.066666666666666,0,1781925095
228378069,"Jogo satisfatório, altamente divertido para jogar tanto solo quanto com amigos. Recomendo",True,194.66666666666666,0,1781924698
228377398,A calma vence onde a pressa atrapalha,True,25.716666666666665,0,1781923758
228377012,Jogo top e bem otimizado para para computadores e notebook mais fracos,True,20.766666666666666,0,1781923288
228376995,Muito bom,True,1875.0833333333333,0,1781923267
228376312,"Tenho mais de 550 horas em Counter-Strike 2.

Também tenho dinheiro investido em skins.

E continuo ruim.

Em algum momento entre a hora 1 e a hora 550 eu imaginei que ficaria bom. O jogo tinha outros planos.

A experiência média de CS2 é simples:

Assistir uma jogada incrível no YouTube.
Entrar em uma partida inspirado.
Errar um spray a 3 metros de distância.
Tomar HS de alguém chamado ""xX_DeusDaBala_Xx"".
Abrir o placar.
Arrepender-se.

O mais impressionante é que, mesmo sendo massacrado regularmente, eu continuo voltando. Existe algo mágico em acertar um clutch 1v3 depois de passar cinco rodadas parecendo um NPC perdido no mapa.

As skins são outro fenômeno psicológico interessante.

Você compra uma faca linda pensando:

""Agora vou jogar melhor.""

Não joga.

Mas pelo menos morre com estilo.

O sistema funciona perfeitamente.

A parte competitiva é fantástica. Cada partida parece uma montanha-russa emocional. Você começa acreditando na vitória, passa pela fase da raiva, entra na fase da negação e termina prometendo nunca mais jogar.

Cinco minutos depois está procurando outra partida.

Prós:

Jogabilidade extremamente refinada.
Partidas tensas e emocionantes.
Sensação absurda quando uma jogada dá certo.
Mercado de skins perigoso para a carteira.
Fácil de aprender, impossível de dominar.

Contras:

A comunidade ocasionalmente parece saída de um experimento social.
Você descobrirá novas formas de errar tiros fáceis.
Sempre existe um adversário que parece estar disputando uma final de campeonato mundial.

Nota: 10/10

550 horas jogadas.

Centenas de reais em skins.

Mira questionável.

Posicionamento duvidoso.

Tomada de decisão suspeita.

E amanhã estarei online novamente.

""Dessa vez eu vou subir de patente.""

— Eu, há aproximadamente 550 horas. 🎯💀🔫💸",True,546.0333333333333,0,1781922412
228373253,sim,True,34.65,0,1781918169
228373145,bom,True,1387.6833333333334,0,1781918014
228372623,"o jogo é legal, mas a comunidade é extremamente toxica em um nivel absurdo! a comunidade nao abraça os iniciantes. e uma dica muito importante... NAO GASTE SEU DINHEIRO com esse jogo, porque vc nao vai conseguir usar os beneficios. existe uma opçao no jogo de votaçao, e vao te da kick em toda partida pelo simples motivo de vc ser iniciante, ou por ficar negativo. e mesmo se nao te derem kick, tem muito hack no jogo, entao de 10 partidas seguidas que vc jogar, as 10 vem com hack. esse jogo so existe uma UNICA vantagem: comprar o prime e pegar as caixas semanais, e vender no mercado pra farmar dinheiro na sua carteira. fora isso, esquece.",False,133.1,0,1781917312
228372107,"jogo bom , se treinar bastante 
",True,321.1666666666667,0,1781916660
228371950,"entrei banana, tomei de fundo em 0,04s. recomendo.",True,90.1,0,1781916420
228371563,Que jogo de merda pqp,False,791.2,0,1781915943
228370514,Melhor jogo da história,True,95.51666666666667,0,1781914582
228370491,não jogo bem,True,522.9333333333333,0,1781914555
228368675,Jogo lixo só tem lixo jogando essa merda,False,78.16666666666667,0,1781912163
228367702,"muito bom
",True,40.1,0,1781911003
228367537,este jogo é muito perfeito.,True,11.283333333333333,0,1781910785
228367498,"Se você estiver pensando "" achei legal vou comprar o prime"" , considere isso...

1º - Você jogou os outros CS  na lan house  e era viciado? Se sim, compre o prime 

2º - vc jogava  valorant ou overwatch e resolveu jogar um jogo bom? compre o prime 

3º - Você gosta de ver pessoas morrendo por tiros, facadas e bombas? Se sim, vai se tratar pq tem algo errado com você!

Obs: Seu ganhasse 1 real para cada boludo chato que cai no meu time em competitivo eu ainda estaria sem dinheiro, pq gasto tudo em skin nessa desgraça!",True,213.45,0,1781910743
228367364,JOGO E DE HOMEM,True,359.78333333333336,0,1781910566
228367328,jogo bom porem os cara n ajuda,True,87.08333333333333,1,1781910521
228366932,"MTO BOM
",True,359.56666666666666,0,1781910028
228366702,"mt bom
",True,48.1,0,1781909749
228366278,te consome,False,70.43333333333334,0,1781909248
228362846,"muité massa
",True,57.65,0,1781905329
228362775,foda,True,59.31666666666667,0,1781905252
228362320,Massa,True,100.85,0,1781904765
228361606,melhor game de todos!,True,1685.4166666666667,0,1781904038
228361382,LEGAL,True,11.833333333333334,0,1781903795
228359887,70% DOS PLAYERS SAEM RODANDO E DANDO HS DE 12 COM 3KM DE DISTANCIA VARADO CEGO ALEIJADO E SEM MÃO,False,186.76666666666668,0,1781902356
228359409,muito legal,True,24.116666666666667,0,1781901875
228359074,"Enjoa depois de um tempo
",False,137.41666666666666,0,1781901554
228358411,ruim,False,653.05,0,1781900928
228358194,"Posso ser sincero? Tenho 65 horas na minha antiga conta e 25 nessa, comprei várias skins em torno de alguns dias atrás e resolvi comprar o prime porque parecia muito legal a ideia de CS2 competitivo de verdade, com ranks e Premier, o jogo é ótimo, não vou mentir, mas a empresa só de importa com dinheiro, e aqui está minha reclamação, acontece que comprei o prime, fui entrar numa partida competitivo dust 2, fui jogando e estava perdendo feio, até que um jogador, que faço questão de citar, que se chamava rp estava com 40 e poucas kills, acontece que telei ele um round e vi, tiros varados em lugares completamente impossíveis de ter informação, wallhack, e aimbot, HSs de deagle em sequência de uma vez só, em um certo round o jogador rp xitado me matou somente pra pegar minha AWP e varar um tiro no bomb B pulando e matando todos, no outro round, ameaçei matar ele no início, mas oque me impressiona é, de verdade, no entorno disso tudo eu tinha pedido pra expulsar o rp 4 vezes, e todas foram rejeitadas, pelos outros jogadores, desonestos, sendo carregados por um xiter, no final de uma partida, quando sobrou só eu e o rp, ele ia defusar a bomb nos últimos segundos, então não pensei, estava 11/11, e eu resolvi matar o rp com dois tiros rápidos de M4 na cabeça virando e atirando o mais rápido antes que ele viesse e me matasse de novo, matei ele e todos os 5 legit do outro time que realmente deveriam estar vencendo me chamaram de ganhador, me agradeceram, eu sabia que estava ferrado, mas eu não consegui suportar continusr naquele jogo vendo aquele desgraçado carregar o jogo pulando e atirando, fui expulso 4/1 pelo meu próprio time, acho que foi a pior experiência inicial pra minha primeira partida num competitivo no prime, NAO comprem, essa empresa não merece nosso dinheiro, se divirta com jogos de história e outros, vai por mim",False,28.683333333333334,0,1781900736
228357395,"jogo muito bom, me estressa as vezes mais e um jogo bom",True,52.71666666666667,0,1781899963
228357277,Infelizmente cheio de cheaters,False,1830.45,0,1781899844
228356239,"mot bom
",True,88.58333333333333,0,1781898880
228355134,Bão,True,190.25,0,1781897852
228354931,"jogo muito bom, até sua alma ser consumida a partir das 350 horas, com tanto xiter",True,1084.1166666666666,0,1781897672
228353420,d,True,46.1,0,1781896238
228351147,comunidade e boa,True,934.7,0,1781894167
228350711,a,True,70.1,0,1781893735
228348738,Jogo gostoso,True,336.18333333333334,0,1781891917
228345571,top,True,44.81666666666667,0,1781889116
228344152,não jogue se vocÊ  tem familia,True,44.05,0,1781887850
228343910,"Dei muito rage bait, mas recomendo",True,22.083333333333332,0,1781887636
228342705,jogo bom mas o problema é que a valve não faz um anticheat descente e cai muito castelhano,True,418.4166666666667,0,1781886574
228342702,"===Gráficos===
🔲Atari
🔲144p
🔲 Aceitável
🟩 Bom
🔲 Ótimo
🔲 The Witcher 3
🔲 Red Dead Redemption II
🔲 Cada frame foi pintado por Da Vinci

===Requisitos===
🔲 Uma calculadora com 1 pilha
🔲 Um PC batata mas não tão batata
🔲 PC meia boca com GT 1030
🟩 Um i3 com uma GTX 750TI
🔲 Um PC Gamer mesmo
🔲 4xRTX2080TI ligadas numa hidroelétrica

===História===
🟩 História? que história?
🔲 Tem uma historinha
🔲 Uma história bacana
🔲 Uma história digna de prestar atenção
🔲 Feita pelo Tolkien (prepare seus lenços)
🔲 Platão escreveu junto com Machado de Assis e virou novela das 21h.

===Jogabilidade===
🔲 Precisa de dois dedos pra jogar
🔲 Aceitável (4 dedos pra ser específico)
🟩 Jogabilidade bacana
🔲 Jogabilidade excelente

===Complexidade===
🔲 Jogo da velha é mais complexo
🔲 Fácil de entender
🟩 Fácil de aprender, difícil de dominar
🔲 É daqueles jogos que as pessoas ficam estudando
🔲 Precisa de, no mínimo, 2 doutorados

===Dificuldade===
🔲 Você escolhe a dificuldade
🔲 Seu cachorro consegue
🔲 Fácil
🔲 Médio
🔲 Quase Dark Souls
🔲 Dark Souls
🟩 Você precisa de reflexos instantâneos e 4 mãos

===Tempo de História===
🟩 Você toma um refri e acabou
🔲 Zera rapidinho até 3 horas
🔲 Curto (entre 3 ~ 7h)
🔲 Normal (entre 8~12h)
🔲 24h ~ 48h
🔲 100h+
🔲 Você começa, seu neto termina
🔲 Infinito

===Bugs===
🟩 Nunca vi nenhum
🔲 Pequenos bugs
🔲 Pode ficar irritante
🔲 Pode estragar a gameplay
🔲 Parece até uma lâmpada acesa cheia de inseto

===Diversão===
🔲 Entediante ou chato
🔲 Difícil de gostar
🟩 Repetitivo
🟩 Vai te entreter
🔲 Você nunca esquecerá como esse jogo te divertiu
🔲 A viagem da sua vida
===Publico===
🟩 Crianças
🟩 Adolescentes
🟩 Adultos
🟩 Tudo e todos

===Compensa Comprar?===
🟩 IT'S FREE
🔲 Preço justo
🔲 Preço ótimo, compre!
🟩 Compre se tiver dinheiro sobrando
🔲 Espere uma promoção
🔲 Caro demais não recomendo
🔲 Mais fácil você queimar seu dinheiro

===Vale a pena comprar?===
🔲 N-Ã-O
🟩 Eeeh... mais ou menos
🔲 Compensa
🔲 Vale a pena sim
🔲 Vale MUITO a pena
🔲 COMPRE IMEDIATAMENTE SEM ARREPENDIMENTO (se tiver dinheiro sobrando)",True,268.8,0,1781886572
228341081,tem arma e tiro,True,133.78333333333333,0,1781885182
228339267,dma,True,92.56666666666666,0,1781883604
228337118,muito bom,True,14.133333333333333,0,1781881700
228336176,JOGO OTIMO SEMPRE EM ATUALIZAÇÃO E EVOLUÇÃO!,True,1671.3,0,1781880832
228335986,ok,True,2083.15,1,1781880679
228335510,"muito massa
",True,36.78333333333333,0,1781880271
228332588,topzera,True,715.4333333333333,0,1781877630
228330277,top,True,20.2,0,1781875431
228329478,ok,True,114.83333333333333,0,1781874566
228327961,jogo cheio de hack e a porcaria da valve só quer dinheiro e não resolve nada.,False,975.2666666666667,6,1781873072
228326271,.,True,59.266666666666666,0,1781871356
228324698,BOM,True,67.28333333333333,0,1781869642
228323483,EU AMO ESSE JOGO,True,6.9,0,1781868153
228312879,Bao e cheio de hack,True,291.46666666666664,1,1781854447
228309460,jogo adoravel,True,1578.4833333333333,0,1781849479
228308390,jogo bom pra desestresar,True,43.71666666666667,0,1781847839
228307621,',True,128.61666666666667,0,1781846740
228306150,Unica coisa ruim é a quantidade de hackers e tem que pagar pra jogar Prime,True,130.01666666666668,0,1781844627
228305457,TE AMO K$V :steamhappy:,True,468.5833333333333,0,1781843583
228304912,o jogo em si é bom o problema é que eu paguei o prime pra poder jogar especial e subir a pontução mas fica empossivel com a quantidade de hacker que tem nesse jogo paguei 80 conto pra passar raiva nesse lixo,False,588.7833333333333,0,1781842840
228304698,sim,True,58.4,0,1781842566
228304278,Não recomendo jogo esta cheio de hacker a valve criadora do jogo ganha milhoes nao coloca um anticheat bom jogo esta uma merda recomendo jogarem Mineraft,False,224.46666666666667,0,1781842018
228304149,"cs sagrado de cada dia, melhor jogo de todos",True,354.96666666666664,0,1781841822
228303610,.,True,119.35,0,1781841033
228303213,BOM DE MAISI,True,93.26666666666667,0,1781840559
228302877,"Muito bom
",True,210.75,0,1781840193
228302500,"bom
",True,630.5666666666667,0,1781839654
228302435,Ótimo para perder um tempo da sua vida sendo xingado,True,1047.1,0,1781839572
228300731,"amo CS, vicia, não joguem! best game ever",True,180.96666666666667,0,1781837326
228298663,"çç.ççç
",True,30.6,0,1781834706
228298005,"bom jogo, mas tem muito cheater!",True,1005.3,0,1781833836
228297622,Jogo toppppppp,True,367.1666666666667,0,1781833333
228297013,muito top,True,30.766666666666666,0,1781832576
228296891,da hora,True,65.91666666666667,0,1781832425
228296517,TOP;),True,192.11666666666667,0,1781831911
228296508,Jogo e bom mas dps de um tempo vira loucura,True,758.65,0,1781831901
228296116,"Cheio de hacker , scammer e trols. recomendo pra quem quer passar raiva junto com os amigos , puro entretenimento. reclamo e jogo sempre. parebens Valve. absolute Experiencia.",True,437.55,0,1781831346
228295628,tyjtfchgj,True,49.85,0,1781830686
228295606,"MELHOR FPS DO MUNDO
",True,44.75,0,1781830659
228295106,bom,True,55.56666666666667,0,1781830044
228294959,top,True,351.6,0,1781829865
228294803,bo,True,163.03333333333333,0,1781829677
228294607,"bom
",True,24.65,0,1781829417
228294211,".
",True,434.73333333333335,0,1781828875
228293343,zz,True,44.35,0,1781827727
228293086,"vai q se eu der avaliação o jogo me da uma faca
",True,243.31666666666666,0,1781827371
228292545,".
",False,271.96666666666664,1,1781826706
228292388,"acho muito top o jogo 
mas pro outro lada esta tendo muito xiter",True,1772.5833333333333,0,1781826496
228292226,"muitoo dificil de matar, tem que ser pro player


",True,75.05,0,1781826301
228292176,bao,True,1015.1666666666666,0,1781826213
228292026,muito bom,True,805.6666666666666,0,1781826038
228291578,"jogao, mas se vc jogar sozinho e caiir com 4 ""amigos"" e não fazer o que eles querem vc leva ban por report",True,2888.616666666667,0,1781825489
228290933,"Impressionante, rodou acima de 80 fps no 1440x900 no meu i5 4590 RX 550",True,25.866666666666667,0,1781824662
228290729,muinto xitttttttttttt,True,1113.9833333333333,0,1781824442
228290233,Boa noite Jogo extremamente bom quando vc nao tem a integridade baixa,True,249.08333333333334,0,1781823915
228289773,muito bom,True,223.6,0,1781823394
228289309,"muito fods , so tenha cuidado ao cair com agertinos , de resto pode meter bala",True,33.46666666666667,0,1781822844
228289175,muito EZ,True,116.58333333333333,0,1781822709
228288896,so eu deviria reseber de graca ele kkkk,True,61.4,0,1781822387
228288207,Só xiter,False,339.6666666666667,0,1781821561
228288097,melhor jogo ja feito!,True,82.91666666666667,1,1781821428
228286995,SIM,True,1523.2833333333333,0,1781820207
228286987,"This game is so bad but so sososo bad. Valve fix your game! Its full os xiters you can't even play premier anymore.

TO EVERYBODY WHO THINKS IN PLAYING THIS **** GAME. PLS, DO NOT.",False,4626.75,0,1781820201
228285600," Jogo muito bom, muito competitivo.",True,126.25,1,1781818767
228285233,"joguinho de doente mt bom, pena que so da pra jogar em plataforma de anticheat prq o do jogo é uma merda",True,1104.45,0,1781818391
228284406,Luxo,True,2121.6833333333334,0,1781817529
228283424,legal mas podiam melhorar o anti cheat,True,23.05,0,1781816602
228282219,"Infelizmente já foi bom um dia, atualmente lotado de cheaters e o VAC é uma piada",False,1245.8833333333334,0,1781815370
228281940,yes,True,373.45,0,1781815095
228280742,"so sim
",True,83.33333333333333,0,1781813985
228279937,"Jogo  bom, uma pena o anti cheat ser ridiculo e se voce é um jogador retornado ou vindo de outro fps não pode ser bom, se não sua integridade vai pro caralho e voce só cai com pião do baú.",True,161.58333333333334,1,1781813263
228279496,sei la,True,1199.7833333333333,0,1781812867
228276941,"top , so que tem muito hacker toda partida tem algueem xitado",True,454.3333333333333,0,1781810563
228276603,bacana,True,1728.5666666666666,0,1781810252
228275842,"O jogo é incrível mas a quantidade de hackers é absurda se você jogar pelo matchmaker do jogo. Recomendo utilizar a GamersClub, para jogar, jogar pelo próprio cs é inviável.",True,276.26666666666665,0,1781809510
228274769,massa,True,541.9333333333333,0,1781808570
228273454,MT CHEAT,False,121.61666666666666,0,1781807387
228273316,Sim,True,449.1666666666667,0,1781807261
228272014,"dropei 20 minutos
",True,208.76666666666668,0,1781806049
228271400,Premier completamente lotado de hack,False,1019.3833333333333,0,1781805511
228265850,"cheira a lan house com um certo retrogosto de xitos de vez em quando mas continua sendo CS.
Eu continuo sendo ruim desde o 1.5 mas sempre que conecto com pessoas aleatórias elas me provam que posso piorar bastante e me proporcionam jogadas únicas.
aviso: cuidado, vicia e provavelmente você não é tão bom quanto imagina.
Dito isso, 
10/10",True,197.68333333333334,0,1781800583
228265022,Só xitado girando boneco gg,False,44.333333333333336,0,1781799865
228263645,gostei,True,87.31666666666666,0,1781798622
228263025,muito xiter,True,77.9,0,1781798110
228262951,Muito Hack no jogo,False,571.6666666666666,0,1781798051
228262514,TOP,True,587.5,0,1781797674
228260485,"ERA UM JOGO MUITO LEGAL, DIVERTIDO, PASSAVA HORAS JOGANDO. HOJE COM O TANTO DE HACKER QUE EXISTE VOCÊ NÃO VÊ MAIS COMPETIVIDADE COM O JOGO, NÃO DA VONTADE DE JOGAR. VALVE NÃO FAZ NADA PARA PARAR ISSO, APENAS QUER LUCROS E DINHEIROS, SE TRANSFORMOU NUMA DECEPÇÃO GIGANTESCA, NÃO VALE MAIS A PENA JOGAR. TROQUEM PARA UM JOGO QUE TE DARÃO DIVERSÃO E AQUIDADE.",False,64.25,0,1781795875
228260198,XIters Malditos,True,100.48333333333333,0,1781795628
228260134,JOGO BOM MAIS SE VC FOR MUITO BOM TODO MUNDO VAI TE CHAMAR DE XITADO NGM ACEITA QUE TEM ALG QUE TREINA MIRA TODO DIA E QUE É MELHOR SEMPRE CHORAM,True,454.8,0,1781795578
228258682,Chibi Chubi,True,11.5,0,1781794254
228257518,"jogo bom problema, que tem hack pra um caralho e vc nao sabe se vc que e ruim ou o inimigo ta xitado, mas esta bem otimizado e roda bem",True,136.23333333333332,0,1781793229
228257146,Bom,True,332.1,1,1781792860
228256653,mtyo bom o jogo,True,65.3,0,1781792460
228256361,F,True,858.55,0,1781792167
228252042,a lot of cheaters,False,429.6166666666667,0,1781787927
228251938,é top só tem mto xiter,True,102.28333333333333,0,1781787827
228251542,bom,True,343.81666666666666,0,1781787405
228249154,jogaço,True,46.483333333333334,1,1781784758
228248150,..............................,True,1123.8666666666666,0,1781783563
228238714,TOP!,True,222.78333333333333,0,1781771016
228237467,"tope
",True,6.916666666666667,0,1781769159
228234736,the best game,True,4499.933333333333,0,1781764696
228234557,  '',True,280.4,0,1781764412
228231928,______________________________________________________________________________________________________________________________________________,False,58.983333333333334,0,1781760033
228231444,"nem se eu ficasse 40/0 eu estaria me divertindo, mexeram no que era bom sem necessidade, a porcaria do HUD ta igual o FPS vizinho podre cheio de poderzinho, agora faz um som ridículo de grave quando eu mato alguém, deveria ter uma opção pra remover isso e o efeito de cartas a cada abate no HUD, desnecessário, acho que é bem obvio quando você percebe que matou o boneco, o tempo de resposta do jogo e o feeling foram pro lixo, não é prazeroso acertar HS com um delay de 40 QPS ate o boneco morrer, não é prazeroso acertar o HS quando o som do HS ficou ruim em comparação ao GO, não é mais divertido jogar quando você acerta um HS e o boneco volta dos mortos e te mata, não é prazeroso mais jogar isso quando o jogo inteiro parece mais lento. 
eu acordava todo dia 08 da manha pra jogar em servidores personalizados, agora eu movi o jogo pro HD  e só jogo de vez em nunca, só sinto tristeza jogando isso, até o valorant é mais responsivo do que esse jogo, hoje foi a ultima gota sinceramente, eu nunca mais abro isso ate esse jogo ficar mais parecido com o GO",False,702.9333333333333,1,1781759232
228230509,top,True,292.25,0,1781757751
228229890,"I Love counter strike, eu faço amor com o counter strike",True,247.61666666666667,0,1781756811
228229301,.,True,1902.3333333333333,0,1781755911
228229083,"Cara, essa é literalmente a primeira vez que faço um comentário sobre um jogo. Eu jogava em época de Lan House... Eu joguei o 1.6. e voltei a jogar recentemente. Eu simplesmente parei de jogar o casual por causa de uso de hack e comecei a jogar competitivo na única esperança de ter que lidar menos com hackers... mas na boa, tá impossível, não tem 1 dia que jogo que não pego pelo menos 1 usuário de hack. Ridículo. E pior, faço denúncia não tem retorno, nada, ou seja, nem sei se resolveu algo ou não. Acabei de denunciar um o cara literalmente tinha um link pra hack no perfil aqui da Steam, um monte de comentário no perfil falando que o cara é hack... eai Steam?",False,79.65,0,1781755590
228227885,só tem xitado nesse jogo lixo,False,3099.133333333333,0,1781753674
228227738,top,True,1745.1333333333334,1,1781753451
228226670,bom,True,3307.3,0,1781751952
228226141,"Gostei muito
",True,614.35,0,1781751215
228225945,Sí!,True,39.2,1,1781750969
228225909,"Lesgal
",True,97.9,0,1781750932
228225732,é cs só que 2,True,588.6,0,1781750674
228225465,bom,True,35.0,0,1781750329
228225118,muito bom me diverti,True,29.666666666666668,0,1781749842
228225094,MUITO BOM,True,7529.766666666666,0,1781749813
228224388,bom,True,445.95,0,1781748977
228223745,Jogo cheio de cheaters,True,9.266666666666667,0,1781748263
228223617,PRESENTE PROFESSOR,True,107.18333333333334,0,1781748121
228222847,"Jogo bom, mas tem hack pra caralho",True,2048.1833333333334,0,1781747203
228222583,".
",True,672.3166666666667,0,1781746906
228222506,"xitado demais
",False,635.1666666666666,0,1781746830
228222363,mt top,True,423.3,0,1781746677
228222350,top,True,43.083333333333336,0,1781746664
228222236,bom,True,33.03333333333333,0,1781746526
228222214,bosta coco,False,10.716666666666667,0,1781746510
228220807,"hackers pra crlh toda a partida tem hacker
",False,398.4,0,1781744798
228220300,JOGO JA FÁZ ANOS.,True,6684.533333333334,0,1781744194
228219775,Preferia o CSGO.,False,233.03333333333333,0,1781743488
228218333,"O JOGO ESTA UM LIXO, TODAS AS PARTIDAS TEM HACK, SEM CONDIÇOES",False,2280.983333333333,0,1781741507
228218004,".
",True,101.96666666666667,0,1781741087
228217870,"melhor jogo fps atual
",True,211.5,1,1781740914
228217735,jogo bom para passar raiva kkkkkkkkkkkk,True,1026.5166666666667,0,1781740760
228217535,.,True,390.46666666666664,0,1781740477
228217408,so a comunidade,False,28.116666666666667,0,1781740333
228216622,excelente game único problema são os xiters,True,574.8,0,1781739332
228216541,muito xiter fdp,True,143.3,0,1781739245
228216531,Muito brabo !,True,578.6166666666667,0,1781739230
228216018,muito bom,True,7.266666666666667,0,1781738546
228215864,https://steamcommunity.com/id/fallencs/inventory/#730_2_6870634211,True,491.0833333333333,0,1781738333
228215842,"JOGO LIXO, VTNC BANDO DE LIXO
",False,176.38333333333333,0,1781738307
228215821,Não joguem e pior que crack para viciar e passar raiva,True,1008.35,0,1781738279
228215732,t,True,50.46666666666667,0,1781738152
228215449,nice,True,183.25,0,1781737778
228214900,sim,True,161.81666666666666,0,1781737092
228214628,muito bom para jogar com o pé.,True,54.45,0,1781736770
228214512,"sei la
",True,1501.3833333333334,0,1781736636
228214231,foi muito massa,True,64.51666666666667,0,1781736311
228213978,"SIM MARAVILHOSO TODO HOMEN E BOM ATE ACHAR UMA ARMA 
VC ANDA POR 2 HORAS LOOTIANDO MATANDO 50 ZUMBIS POR CIDADE PRA MORRER PRA UM CARA A 500 METROS",True,559.5666666666667,0,1781736001
228213847,é o jogo em si é otimo bem feito bem legal de jogar porem eu vou desinstalar essa merda de jogo toda vez que entro é como viver no muno real só brigas xingamentos expulsões desnecessarias eu sou autista e ouvi coisas nesse jogo que me fizeram me sentir pior do que ja sou se jogo mal me massacram se falo me massacram também e toda hora vejo discusão que lava sempre ao odio e isso estraga o jogo como disse o jogo é muito bom mais os seres humanos são inmundos e crueis,False,8.733333333333333,0,1781735856
228213487,"Cuidado!!
Tem armas nesse jogo",True,97.63333333333334,0,1781735448
228212163,O pai dos jogos de tiro!,True,11.166666666666666,0,1781733928
228212137,"esse jogo e melhor que valorant porque so tem toxico no valorant
",True,133.6,0,1781733903
228212012,,True,9.25,0,1781733779
228211513,"MT BOM
",True,15.466666666666667,0,1781733244
228210390,too much for me lol,True,2152.6833333333334,0,1781731993
228208488,bom pa caralho,True,132.61666666666667,0,1781730047
228208368,"cs2 continua sendo um dos melhores FPS competitivos já feitos. Gameplay viciante, skins bonitas e partidas intensas. Porém, a quantidade de xiters/hackers ainda estraga muitas partidas competitivas. Se a Valve melhorar o anti-cheat, o jogo fica perfeito.",True,596.0666666666667,0,1781729909
228207647,da hora,True,510.95,0,1781729181
228205847,"Jogo muito bom, mas a comunidade é a mais tóxica possível ou você joga contra xiter ou você joga com uma equipe horrível que não sabe jogar o jogo, mas insiste em acusar os adversários de estarem xitando mesmo estando no mais baixo rank do game. Dito isso, 10/10 recomendo para pessoas masoquistas.",True,321.68333333333334,0,1781727520
228203221,MUITO BOM,True,105.0,0,1781725121
228203072,MELHOR JOGO DA MINHA VIDA,True,97.88333333333334,0,1781724967
228203044,Jogo muito top da para jogar com mundo todo !,True,564.7,1,1781724944
228202005,top,True,71.71666666666667,0,1781723986
228201949,"Horrivel, prefiro deadlock",True,131.06666666666666,0,1781723927
228201050,.,True,2692.3333333333335,0,1781723107
228201033,awdsd124qwdasdwasd xit,True,500.2,1,1781723092
228200136,jogavel!,True,121.08333333333333,1,1781722269
228199462,top,True,1623.7666666666667,0,1781721619
228198090,muinto bom,True,615.3166666666667,0,1781720372
228197231,Deus me livre abrir caixa na valve,True,325.81666666666666,0,1781719568
228197075,massa,True,1401.2166666666667,0,1781719431
228196538,MUITO LEGAL,True,368.48333333333335,0,1781718963
228195907,muito top,True,384.18333333333334,0,1781718415
228195355,Jogo cheio de xitado slc,False,15.933333333333334,0,1781717936
228194275,VAC não funciona em nada,True,489.5833333333333,0,1781716954
228193373,"é bom,mas muito diferente do 1.6
demora pra conseguir adaptar
",True,13.133333333333333,0,1781716108
228191023,"Jogo muito bom, no competitivo tem varios argetinos gente boa, desemvolvi depressão jogando, RECOMENDO",True,78.33333333333333,0,1781713955
228190630,"muito bom,esse jogo me fez eu esquecer dos meus problemas por isso amo jogos de fps tipo cs
",True,263.55,0,1781713598
228190249,"eu amo e odeio esse jogo que é tal qual nicotina, já desinstalei pos uma partida insana e sofrida e promete que nunca mais ia jogar mas como sou hipocrita, instalei de novo e joguei varios competitivos e especiais. 
recomendo, pode baixar.",True,552.5833333333334,0,1781713261
228190195,"O jogo é interessante, porém está passando por uma fase horrível de MUITOS hackers, e não é exagero não.
Muitas partidas que eu jogo tem um xitado pra encher o saco, e xitam na cara dura mesmo, sem disfarçar nem nada.",False,1044.0833333333333,0,1781713220
228189949,godgame,True,1121.05,0,1781713017
228189528,"é igual punheta, depois de um tempo é so vicio",True,485.0833333333333,0,1781712657
228189394,.,True,127.61666666666666,0,1781712558
228185830,Melhor FPS,True,152.86666666666667,0,1781709653
228184660,é igual droga...,True,304.85,0,1781708644
228184457,bom,True,33.833333333333336,0,1781708483
228183801,"Counter-Strike 2 continua sendo o melhor FPS competitivo do mercado. A sensação de ganhar um clutch, acertar um headshot decisivo ou virar um jogo difícil continua sendo algo que poucos jogos conseguem oferecer. O gunplay ainda é viciante e o fator habilidade continua acima da média.

Porém, nem tudo são flores, outro ponto que incomoda é a questão dos cheaters. Melhorou em alguns momentos, piorou em outros, mas ainda está longe de ser o ideal para um jogo tão competitivo.

A Valve segue lançando atualizações e corrigindo problemas, mas muitas mudanças importantes demoram mais do que a comunidade gostaria. Ainda assim, quando o assunto é FPS tático, ninguém conseguiu tirar o trono do Counter-Strike.",True,340.48333333333335,2,1781707903
228181605,👌,True,209.51666666666668,0,1781706037
228180218,"Só xitado nesse jogo
dos top 10 mundial, 12 sao xitado. Falta um anticheat decente",False,555.95,0,1781704748
228179420,O maior clássico de todos os tempos!,True,447.45,0,1781704021
228179388,"jogo legal
",True,895.9833333333333,0,1781703978
228178740,jogo bom,True,24.433333333333334,0,1781703347
228178400,"
Good game, insane gameplay.",True,6151.85,0,1781703020
228177856,jogo bom,True,117.58333333333333,0,1781702495
228177703,top,True,15.65,0,1781702355
228176434,altamente viciante,True,159.46666666666667,0,1781701142
228176071,k,True,77.56666666666666,0,1781700811
228175615,"BOM
",True,89.75,0,1781700379
228169109,mídia,True,120.1,1,1781693210
228164193,ruim,True,276.76666666666665,0,1781686665
228162435,"pode se dizer q e bom
",True,282.93333333333334,0,1781684137
228155349,"elém do fato de ter que pagar para ser ranqueado, servidores com estrangeiros e hacks a vontade em partida",False,220.86666666666667,0,1781673224
228155322,JOGO E BOM SO PORECISAR MELHORAR ANTI CHEAT,True,751.15,0,1781673184
228155184,bom,True,1526.9166666666667,0,1781672949
228154484,1,True,952.5166666666667,0,1781671860
228154475,Bala e bomba. 10/10,True,351.3833333333333,0,1781671847
228154223,ta de wall safado,True,89.2,0,1781671469
228153440,"top
",True,30.0,0,1781670365
228153148,I like,True,2707.95,1,1781669923
228152845,jogo é bom demais,True,237.31666666666666,0,1781669544
228152009,Anti-hack deveria ser melhor!,False,568.8666666666667,0,1781668457
228150996,.,True,1633.5,0,1781667125
228150825,bom,True,208.53333333333333,0,1781666914
228150777,top,True,44.416666666666664,0,1781666856
228149873,da raiva mas é bao,True,1378.8666666666666,0,1781665769
228149702,mt ruim,False,133.6,0,1781665580
228148721,jogo lixo,False,193.95,0,1781664250
228148419,bom,True,134.35,0,1781663835
228148129,.,True,26.366666666666667,0,1781663456
228147018,dei tiro gostei,True,34.083333333333336,0,1781661965
228146350,Se vc começar a jogar e vier de outro fps e for bom vao te denunciar ter um trust factor ruim cair com xiters que nunca leva ban,False,64.18333333333334,0,1781661114
228146205,"Muito Bom Discutir com pai de familia
",True,469.8833333333333,0,1781660932
228146175,Jogo esta perdido Infestado de XIter. NÃO COMPREM PREMIER não adianta nada 80 conto jogado no lixo. por mim CSGO podia ser Deletado não presta mais.,False,26.016666666666666,0,1781660890
228146119,"top
",True,239.05,0,1781660828
228145785,jogo muito pika entrei em uma casual com um cara lvl 10 faceit,True,174.63333333333333,0,1781660386
228145272,Melhor que Valorant,True,120.9,0,1781659653
228145195,não perca seu tempo com esse jogo,False,167.26666666666668,0,1781659542
228145159,"Não tem muito o que falar né, é CS!",True,73.45,0,1781659504
228144713,Ótimo jogo!,True,532.4833333333333,0,1781658909
228144127,"herança do meu pai!

",True,949.2666666666667,0,1781658129
228144042,comunidade horrivel,False,8.333333333333334,0,1781658018
228144039,jogo daora super recomendo pra quem esta começando,True,70.86666666666666,0,1781658014
228143892,DAD,True,67.71666666666667,0,1781657825
228143439,"MUITO HACKER, OQUE SALVA É A PROPRIA COMUNIDADE QUE CRIAR SERVIDORES COM SEUS PROPRIOS ANTI-CHEAT, COMO GAMECLUB. SE HOUVESSE UM ANTI-CHEAT BOM E A VALVE TOMASSE VERGONHA E DESSE BAN EM BIOS DO SISTEMA EM VEZ DA STEAM, AI MUDARIA BASTANTE A SITUAÇÃO ATUAL.",False,247.46666666666667,0,1781657240
228142450,fwfw,True,37.43333333333333,0,1781656180
228142126,o jogo sempre foi bom jogo a muitos anos parei durante um tempo e os amigos antigos me cgamaram devolta.,True,1026.0166666666667,0,1781655820
228141966,recomendo,True,257.46666666666664,0,1781655651
228141626,só tem trolll,True,52.416666666666664,0,1781655292
228141318,Odiava... agora jogo praticamente todos os dias!,True,260.56666666666666,0,1781654984
228141036,muito bommm,True,359.71666666666664,0,1781654678
228140268,"já é a porra da 7 vez que da um ""fatal error"" e tenho que desinstalar o jogo, e em algumas vezes, o jogo simplesmente não instala 
atualizão apos eu tentar jogar por mais 10hrs eu tive mais 4 vezes o mesmo problema, fazendo eu perder mais de 4k de pontos no especial",False,251.75,0,1781653751
228140195,"UMA BELA DE UMA BOSTA, NÃO JOGUEM... DITO ISSO MUITO BOM",False,101.23333333333333,0,1781653654
228139781,xd,True,1541.8833333333334,0,1781653087
228139736,"com certeza o pior jogo do mundo dos games competitivos, o jogo é dominado por hackers.
",False,1242.2333333333333,0,1781653047
228139295,BOM.,True,26.35,0,1781652504
228139270,MELHOR JOGO HÁ ANOS,True,1088.3333333333333,1,1781652472
228139091,asd,True,51.3,0,1781652265
228138188,Jogo tradicional de competitividade imensa. Excelente e nunca sai de moda!,True,810.5833333333334,0,1781651183
228138068,muitos rakes muito complicado de joga,False,74.18333333333334,0,1781651052
228137591,otimo,True,255.63333333333333,0,1781650536
228137384,.,True,942.85,0,1781650277
228136866,muito bom pra se estressa,True,57.63333333333333,0,1781649676
228136732,MELHOR JOGO DE TODOS OS TEMPOS! <3,True,37.63333333333333,0,1781649549
228135966,jogo muito bom mas bem dificil no comeco,True,101.65,0,1781648711
228135745,o fato de poder expulsar os jogadores menos experientes.,True,291.06666666666666,0,1781648471
228135715,o melhor de todos os FPS,True,8.116666666666667,0,1781648435
228135345,top,True,884.95,0,1781648076
228135294,otimo só tem muito xitado slk,True,411.85,0,1781648028
228135292,muito bom,True,88.55,0,1781648028
228135180,fortnite é melhor,True,1131.3333333333333,0,1781647952
228135110,"Jogo infestado de cheater, a cada 3 partidas 1 vem com smurfs.",False,368.65,0,1781647908
228134637,"..................
",True,23.916666666666668,0,1781647181
228134137,tudo,True,594.4833333333333,0,1781646583
228133953,"merda de jogo, exclue logo essa merda valve, so tem xiter na fila mesmo com prime, so vira jogavel com face it, a mais pura de farm de dinheiro",True,88.03333333333333,0,1781646405
228133794,bom.,True,5.633333333333334,0,1781646231
228132329,Like is!,True,47.416666666666664,0,1781644652
228130619,ébon,True,29.4,0,1781642950
228130593,Jogo bom d+,True,535.2833333333333,0,1781642930
228130509,pika,True,240.08333333333334,0,1781642846
228125228,muito rato tome cuidado,True,5.766666666666667,0,1781638036
228125077,até então não joguei com cheater,True,80.98333333333333,0,1781637886
228124760,"Gostei demais do jogo, tudo, jogabilidade, graficos top, so e muito dificil para iniciante, estou com o teclado em ingles, por isso sem acento.",True,53.61666666666667,0,1781637589
228124722,otimo game,True,58.766666666666666,0,1781637559
228123488,muito bom,True,8.333333333333334,0,1781636490
228122958,bala,True,982.5,0,1781636045
228122190,muito brabo,True,26.45,0,1781635344
228121892,OTIMO JOGO,True,98.7,0,1781635083
228121579,top,True,304.06666666666666,0,1781634803
228121351,Lixo.,False,117.8,0,1781634595
228121018,mt bom esse jogo,True,219.4,0,1781634300
228120914,Bom,True,178.0,0,1781634230
228117628,"top dms 
",True,23.05,0,1781631460
228117559,"O melhor jogo de FPS, pena esta infestado de xiter",True,1925.45,0,1781631388
228116847,"é gente gemendo na tua orelha, falando zé da manga, é gente xingando argentino, é gente falando da tua mãe. mt bom e educativo",True,152.0,0,1781630769
228116813,muito bom,True,2374.8166666666666,0,1781630730
228115219,d,True,699.7833333333333,0,1781629356
228115078,odeio,False,1784.6666666666667,0,1781629231
228113384,muito bom,True,155.35,0,1781627756
228111460,melhor jogo de fps pra jogar depois do trabalho,True,43.88333333333333,0,1781626175
228109492,Cs é o melhor jogo de toda historia do mundo,True,119.5,0,1781624517
228106616,gostei s bem legal,True,121.21666666666667,0,1781622326
228106072,"Jogo interativo, competitivo, perfeito pra junta a galera.",True,850.85,0,1781621970
228102485,muito xiter no jogo :(,True,347.7,0,1781618704
228101677,"Peak
",True,504.01666666666665,0,1781617912
228101140,Bagua demais 👌,True,54.416666666666664,0,1781617407
228099863,bom,True,50.65,0,1781616138
228098296,Top demais!,True,19.616666666666667,1,1781614534
228098141,Maneirin by: Reachvlr,True,206.9,0,1781614367
228096715,"Jogo competitivo muito bom, mas deveria ter mais atençao dos desenvolvedores para eliminar qualquer tipo de trapaça que atrapalha a experiencia dos jogadores que jogam para se divertir ou ate mesmo competir.",True,2532.133333333333,0,1781612770
228096542,https://steamcommunity.com/id/fallencs/inventory/#730_2_6870634211,True,2015.0,0,1781612624
228094718,apenas gostei,True,181.66666666666666,0,1781610602
228089889,"LIXO, SÓ DA ERRO NO PAK01.VPK, VALVE INUTIL",False,1473.0,0,1781604431
228089385,Ainda é um jogo bom !,True,50.31666666666667,0,1781603750
228087078,s,True,196.48333333333332,0,1781600474
228085789,Classico,True,52.5,0,1781598538
228083889,"legal porem muito hack sem premier
",True,66.08333333333333,0,1781595695
228083193,so tem hacker nesse jogo,False,116.01666666666667,0,1781594609
228080563,"Classico, mas server infestado de xitado",True,1064.15,0,1781590393
228078310,tiro,True,41.81666666666667,0,1781586814
228077397,Bom de mais,True,863.1333333333333,1,1781585412
228077333,só mongoloide!,False,1052.6833333333334,0,1781585295
228076447,"legal, só nn tenta se matar
",True,22.816666666666666,0,1781584044
228075995,"Se quiser jogar PREMIER, prepare-se para encontar 1 hacker a cada 3 partidas (os que giram e matam geral, nas outras 2 deve ter só uns wall hack discreto)",False,40.5,0,1781583388
228074583,"Divertido! Faz você perder amigos, dormir com raiva, ter ansiedade e se sentir muito pior do que antes de ter aberto o jogo. Recomendo.",True,3890.266666666667,0,1781581237
228074432,muito bom,True,1137.0833333333333,0,1781581043
228074357,OTIMO JOGO,True,262.1166666666667,0,1781580941
228073715,"gosto muito 
",True,852.4333333333333,0,1781580031
228073320,muito bom,True,10.233333333333333,0,1781579509
228072842,nada a declarar,True,225.81666666666666,0,1781578925
228071054,.,True,111.25,0,1781576690
228070670,Bacana,True,446.01666666666665,0,1781576135
228070468,"gostei, tirando a parte que os argentinos sao racistas xenofogicos, e os nrodestinos nao devem jogar esse jopgo, pois sofre muito preconceito dizendo que lhe sobra sede de aguinha",True,1100.5166666666667,1,1781575859
228070229,Muitos hackers,False,35.88333333333333,0,1781575551
228070027,.,True,6.783333333333333,0,1781575291
228069942,"CS2 continua sendo um dos melhores FPS competitivos já feitos. Gameplay viciante, skins bonitas e partidas intensas. Porém, a quantidade de xiters/hackers ainda estraga muitas partidas competitivas. Se a Valve melhorar o anti-cheat, o jogo fica perfeito.",True,21.866666666666667,7,1781575192
228069915,"Jogo é clássico e muito bom, mas não recomendo a ninguém, pois está abandonado pelos desenvolvedores e infestado de cheaters...toda sala cheia de pessoas usando vários tipos de hack e não existe punição pra esses.",False,249.86666666666667,0,1781575160
228069722,muito bom,True,5377.15,0,1781574884
228069658,chei de hack kkkkkk,False,17.366666666666667,0,1781574803
228069642,bom,True,3.9833333333333334,0,1781574789
228069314,"Muito bacanudo o jogo, recomendo até para meus melhores inimigos!",True,2929.15,0,1781574356
228069234,🥷🏽,True,199.05,1,1781574238
228068769,"muito bom
",True,169.43333333333334,0,1781573563
228068589,jogo bom,True,27.3,0,1781573298
228068539,"top 1 fps da historia
",True,9.666666666666666,0,1781573231
228067712,MUITO XITERS,False,117.7,0,1781572049
228067218,MUITO BOM,True,8.083333333333334,0,1781571397
228066895,horrível e patético,False,172.13333333333333,0,1781571011
228066264,"Legal, pena que estressa qualquer um as vezes. Mas no fim presta",True,1283.6333333333334,0,1781570199
228066083,adoro,True,2924.0,0,1781569989
228065705,jogo de louco,True,338.96666666666664,0,1781569480
228065349,adoro gamear esse game! passo diversas aventuras e tiroteiros,True,70.41666666666667,0,1781569007
228065199,brabo,True,26.616666666666667,0,1781568829
228064485," BO     M                        
",True,118.41666666666667,0,1781567863
228064464,Jogo incrivel para quem nunca tomou sol na vida. 11/10,True,78.01666666666667,0,1781567837
228063852,"É bom, pena que tem muito hack!!!!1",True,1997.9666666666667,0,1781567002
228062305,bom game,True,204.51666666666668,0,1781564975
228061463,O jogo é muito divertido,True,1160.7166666666667,0,1781563953
228061451,BOM,True,93.08333333333333,0,1781563935
228061097,.,True,1300.2,0,1781563510
228060816,"É CS, todo mundo sabe os elogios e as críticas negativas a serem feitas.",True,128.06666666666666,0,1781563185
228060267,"like
",True,36.233333333333334,0,1781562539
228060028,O melhor fps do mundo. Não existe defeito.,True,766.5666666666667,1,1781562262
228059663,Muito bom,True,82.08333333333333,0,1781561907
228059440,X,True,308.3333333333333,0,1781561680
228059009,CS2 tá puro sabor legit.... só xiters,True,62.583333333333336,1,1781561234
228058903,mt hacker,True,541.5833333333334,0,1781561108
228057700,Vendi a cento para o Kenji só pra comprar a Dragon Lore.,True,277.6333333333333,0,1781559931
228056114,baoo,True,183.5,0,1781558311
228056077,jogo muito bom mas ta infestado de xiter,True,5323.416666666667,0,1781558268
228055993,joguei pouco mas esse pouco já fui xingado de soca fofo e falaram pra mim desinstalar,True,97.75,0,1781558168
228055730,muito top nota 10,True,136.63333333333333,0,1781557919
228055668,bom,True,49.03333333333333,0,1781557870
228054180,"nao recomendo, voce vai jogar no maximo 10 minutos, cansativo",False,610.35,0,1781556490
228053980,CS,True,669.9166666666666,0,1781556300
228053815,tudo,True,51.18333333333333,0,1781556147
228051809,bom,True,48.733333333333334,0,1781554306
228051573,esse jogo e bem top,True,19.866666666666667,0,1781554105
228051187,GH6 ~YOYJMMHN AMMEI O OIGOJ,True,23.25,0,1781553765
228050911,"muito foda
",True,120.23333333333333,0,1781553517
228050251,Bom mas ruim ao mesmo tempo,True,645.4,0,1781552924
228049810,"Esta lotado de hackers e chiters, e nao vejo os desenvolvedores se preocupando nada com isso, costumava ser um jogo muito bom, porem nao da mais vontade de jogar!",False,1275.55,0,1781552541
228049760,Muito hack,False,4142.2,0,1781552487
228048123,top,True,30.383333333333333,0,1781551029
228047983,"muito hack
",False,1510.7666666666667,0,1781550900
228047976,"não recomendo, deixa as pessoa com ódio e raiva no coração",True,304.56666666666666,1,1781550892
228047965,hvh?,True,73.86666666666666,0,1781550881
228047558,e uma merda,True,175.93333333333334,0,1781550568
228046814,top,True,1479.8166666666666,0,1781549951
228046418,good game.,True,12.45,0,1781549631
228046345,socorro,True,275.75,0,1781549556
228046156,S,True,5.1,0,1781549385
228045853,E,True,232.5,0,1781549128
228044767,mt bom,True,452.3666666666667,0,1781548203
228044163,89e horas nesse jogo muito bom,True,894.8333333333334,0,1781547636
228043352,"O VAC NAO FUNCIONA, JOGO COM MAIS HACKER POSSIVEL, ISSO EM PLENO 2026 E BRINCADEIRA.",False,1724.0833333333333,0,1781546945
228043141,a,True,41.75,0,1781546743
228042647,tudoi,True,1139.3166666666666,0,1781546332
228040069,"Após haver dedicado 282 horas de minha existência a este jogo, julgo oportuno manifestar-me acerca de três importantes lições que dele retirei.

Primeiramente, aprendi a jamais depositar inteira confiança em um argentino, pois, segundo minha experiência, frequentemente se mostram desleais. Não bastasse prejudicarem o andamento da partida com suas brincadeiras inoportunas, ainda se dedicam a proferir insultos e provocações a todo instante.

Em segundo lugar, caso o estimado jogador encontre satisfação em sua experiência e tenha adquirido o chamado Premier do Counter-Strike, permito-me oferecer-lhe minhas congratulações, pois acabais de tomar uma das decisões mais lamentáveis de vossa trajetória. Além de vender alma para o diabo, para a volvo, vós vão enfrentar indivíduos que recorrem a artifícios ilícitos para obter vantagem, tereis ainda de suportar adversários e companheiros excessivamente inconvenientes, que perturbam a partida do princípio ao fim.

Em terceiro lugar, aprendei a lançar a fumaça na Janela do Mirage. Crede em minhas palavras: trata-se de um conhecimento que vos acompanhará por toda a vida. Afinal, após uma década de dedicação ao Counter-Strike, ignorar tão elementar artifício é algo deveras triste e digno de profunda reflexão. Poucas coisas causam tamanha consternação quanto testemunhar um veterano do jogo incapaz de executar uma simples fumaça no Janelão.

Não obstante tudo quanto foi exposto acima, cumpre-me reconhecer, em nome da honestidade intelectual, que o jogo permanece digno de nota máxima.

Avaliação final: 10/10.

A presente análise foi elaborada sob circunstâncias extraordinárias, mediante alegadas ameaças provenientes da respeitável empresa Volvo e de seu ilustre mandatário, o senhor Gabe Newell, cujos métodos de persuasão prefiro não detalhar por razões de segurança pessoal.

Assinado:
Zé Priquito",True,292.1166666666667,1,1781544017
228039406,Eu só jogo para fazer companhia pro meu amigo Fabio que é autista. O jogo em si é uma porcaria.,False,6080.233333333334,12,1781543382
228038614,A,True,1895.7,0,1781542675
228037984,"Otimo jogo pena o prime ser pago, quantidade de hackers ainda é muito alta",True,178.26666666666668,0,1781542120
228036897,"Melhor jogo de todos, mas só tem xiter no premier",True,3.5,0,1781541056
228036049,Jogo tá cheio de xitado,False,630.4166666666666,1,1781540286
228034918,top,True,90.06666666666666,0,1781539299
228034485,"bom demais, ja tentei mira grande, mira pequena, 4,3 16.4 mas acho q o problema sou eu msm",True,183.8,0,1781538898
228031096,chave,True,34.35,0,1781535893
228030862,eu acho q é legal,True,490.6666666666667,0,1781535683
228030227,bom,True,1006.8666666666667,0,1781535070
228029871,bao,True,2335.016666666667,0,1781534739
228029662,Fera demaiiixx,True,599.9166666666666,0,1781534563
228028904, jogo muito bom,True,24.866666666666667,0,1781533845
228026414,"top
",True,18.966666666666665,0,1781531372
228023901,"Full Cheaters, Raiva todo dia, dinheiro gasto que nunca mais volta comprando skins

Resumo: Vale a pena kkk",True,2982.0,1,1781528813
228016945,.,True,142.9,0,1781520383
228013898,brabo,True,92.56666666666666,0,1781515849
228008799,"tem alguns defeitos mas releva,(jogo novo)",True,840.6333333333333,0,1781507471
228008709,"muito bom 
",True,5.633333333333334,0,1781507339
228008531,acabei virando racista,False,703.0333333333333,0,1781507039
228005686,"Voce entra no jogo ja pensando na derrota.


JOGO TOP",True,1019.7333333333333,0,1781502089
228004186,"CS é sensacional. mas o que a Valve e Steam deixam a desejar é em relação ao anti-cheat que praticamente não existe. Até mesmo no modo Especial a gente encontra possíveis chiters a cada 3 ou 4 partidas
",True,207.23333333333332,0,1781499640
228003876,"gozei
",True,165.71666666666667,0,1781499090
228003759,.,True,415.05,0,1781498907
228003565,JOGO MARAVILHOSO,True,981.6,0,1781498563
228001304,"CS2 continua sendo um dos melhores FPS competitivos já feitos. Gameplay viciante, skins bonitas e partidas intensas. Porém, a quantidade de xiters ainda estraga muitas partidas competitivas.",True,474.48333333333335,1,1781495008
228000598,bom e ruim tem muito hack,True,264.81666666666666,0,1781493968
228000334,jogo top,True,25.433333333333334,0,1781493616
227999779,Top,True,359.65,0,1781492872
227999712,.,True,232.83333333333334,0,1781492754
227999594,"muito bom, peguei uma ak47 matei 5 policiais e depois abri o jogo",True,1129.15,0,1781492585
227999590,"se vc mata varado e chamado de xiter, se vc mata na smoke e xiter, se vc mata cego e xiter, se vc mata sem mirar e xiter, mas se vc morrre assim o cara e xiter, mas tirando isso e legal",True,218.23333333333332,0,1781492581
227998211,saw,True,46.55,0,1781490529
227998067,tiltante,True,27.2,0,1781490357
227998035,Essa porra é loka,True,1224.3333333333333,0,1781490308
227997993,jogo de maluco,True,11.2,0,1781490251
227997923,melhor fps!,True,136.98333333333332,1,1781490134
227997680,muito bom,True,274.4,1,1781489773
227997582,;,True,168.43333333333334,0,1781489644
227997266,best fps,True,141.38333333333333,0,1781489196
227997109,tiro,True,588.8666666666667,0,1781488938
227996824,"Jogo excelente, faz a gente se desestressar ao mesmo tempo que estressa, RECOMENDO !!!",True,2861.116666666667,0,1781488550
227996664,"muito bom
",True,223.03333333333333,0,1781488321
227996033,",",True,1016.4166666666666,0,1781487389
227995924,PERFECT!,True,578.9,1,1781487237
227995914,top,True,108.71666666666667,0,1781487223
227995903,"top dms esse jogo

competitivo muito bom",True,29635.5,0,1781487205
227995734,"graficos bao
",True,333.6333333333333,0,1781486968
227995682,"Counter-Strike 2 é um FPS muito divertido, com partidas rápidas e emocionantes. Os mapas são bons, as armas têm uma sensação ótima de uso. Até agora tenho jogado apenas modos casuais, e a experiência tem sido divertida. Um ponto negativo é que alguns jogadores costumam xingar bastante no chat ou no microfone. Também já ouvi muitos relatos sobre a presença de xiters, embora eu ainda não tenha encontrado muitos nas minhas partidas. No geral, é um ótimo jogo gratuito e vale a pena testar, especialmente para quem gosta de jogos de tiro e estratégia.",True,52.06666666666667,0,1781486867
227995303,simplesmente o maior jogo de fps da historia dos games. so tem xitado pra misera mais e bom se voce tem sanidade para jogar jogue.,True,148.3,0,1781486327
227995197,TOP,True,24.633333333333333,0,1781486198
227995144,Muitos hacks. Não comprem.,False,4065.4166666666665,0,1781486123
227994314,"games
",True,10.366666666666667,0,1781484970
227994282,"bom
",True,167.35,0,1781484925
227994071,gogogo,True,13.433333333333334,0,1781484644
227993741,Jogo horrivel. paguei quase 80 Reais pra cair com hacks. o pior gasto que tive com jogos.,False,84.83333333333333,0,1781484184
227993450,cu,True,110.83333333333333,0,1781483755
227993261,atuamente o cs 2 está com muitos cheats,False,1922.1166666666666,0,1781483510
227993138,"bom
",True,628.2166666666667,0,1781483326
227993101,top demaize,True,131.61666666666667,0,1781483276
227992864,"muito bom!!!!
",True,1274.3,0,1781482951
